index,Binance Official,Backtest,Bitcoin,CryptosAll,tracking_error
2023-02-18,0.0,0.0,0.0,0.0,0.0
2023-02-19,0.011440181819347917,0.008906702249697585,-0.014622878010064233,0.0028208311532809116,0.002533479569650332
2023-02-20,0.011871517375840579,0.007812768083149901,0.02350220997570851,0.02439708716826039,0.004058749292690678
2023-02-21,-0.03479942057019558,-0.03433498136863289,-0.01570070283630265,-0.034032507456201566,-0.00046443920156269414
2023-02-22,-0.012182966450591803,-0.013141754554336194,-0.011039924489288477,-0.005789655541936778,0.0009587881037443902
2023-02-23,-0.002245602208842068,-0.003271625316810467,-0.01000777017485166,-0.007144736759492454,0.001026023107968399
2023-02-24,-0.04207313560880954,-0.04349485875420944,-0.031533153440656325,-0.04293258775293629,0.0014217231453999002
2023-02-25,-0.007946365341531592,-0.011640373486018651,-0.0012171510470647684,-0.015194513733677306,0.00369400814448706
2023-02-26,0.015348413046838871,0.018204853683128297,0.017177475388725716,0.026261611285580688,-0.0028564406362894257
2023-02-27,0.006171349565618822,0.005266326800637433,-0.002664419429544096,-0.01312244384560668,0.0009050227649813891
2023-02-28,-0.02190287394625534,-0.022835099862616892,-0.014920766947512876,-0.031087217644027,0.0009322259163615509
2023-03-01,0.013742733447801747,0.01096000706215916,0.021061665219775483,0.035911692873386025,0.0027827263856425866
2023-03-02,-0.006459944929847916,-0.009946259751555164,-0.006925820296017959,-0.022324621668505795,0.003486314821707248
2023-03-03,-0.027750779922517954,-0.02479639183711102,-0.04734561471993559,-0.04824271726203422,-0.0029543880854069338
2023-03-04,-0.01971431017790748,-0.021592256060673054,-0.0003475835117474624,-0.02514295100664443,0.0018779458827655748
2023-03-05,0.006749781728776716,0.002199326588135042,0.00374419877412957,0.003749087280220831,0.004550455140641674
2023-03-06,-0.0047217786727817845,-0.004841735261110758,-0.0009023532516817534,-0.0008265846184544179,0.00011995658832897327
2023-03-07,-0.0046042158423692525,-0.004782029345340777,-0.009461847389558242,-0.011354322418054119,0.00017781350297152443
2023-03-08,-0.006159931846580702,-0.0035940903000630797,-0.022187624448372745,-0.04350162993812656,-0.002565841546517622
2023-03-09,-0.030012203346907906,-0.03370140070072292,-0.06188402538718385,-0.04615785073254752,0.0036891973538150102
2023-03-10,-0.015868842884915635,-0.009277630361806621,-0.010388356475865557,0.003669441024871878,-0.0065912125231090135
2023-03-11,-0.004246673347400032,-0.015923953105960065,0.015137943167206735,-0.016731848698194884,0.011677279758560033
2023-03-12,0.00616008024458381,0.007798088989428464,0.07535199183798391,0.09011225999526262,-0.0016380087448446545
2023-03-13,0.022667945109531074,0.01652917073451099,0.09621127502658289,0.04704628104632058,0.006138774375020084
2023-03-14,-0.0016160710029055059,0.006706433521324051,0.023096210086640312,0.03159670933843084,-0.008322504524229557
2023-03-15,-0.014231140426297029,-0.015927449138639194,-0.01559560623435119,-0.07226167601379185,0.001696308712342165
2023-03-16,0.020741837268831276,0.017559059570953828,0.02936383034267953,0.02250138257973333,0.003182777697877448
2023-03-17,0.037834653783016314,0.032767054154258624,0.09585867790348179,0.07417814712346704,0.005067599628757691
2023-03-18,-0.021093248215504845,-0.010658880629383471,-0.017800244057976755,-0.03357450755993663,-0.010434367586121374
2023-03-19,0.01182576276131897,0.008932287133155636,0.039594179910500626,0.020005415739637877,0.0028934756281633334
2023-03-20,-0.01443949522236987,-0.02145975404652567,-0.009146719660871439,-0.04866100969781462,0.007020258824155801
2023-03-21,0.02811878952130109,0.006883438951085674,0.014015220256441863,0.05370224613071373,0.021235350570215417
2023-03-22,-0.045357840399000815,-0.04527690143798624,-0.030403334297558482,-0.03859721177857656,-8.09389610145761e-05
2023-03-23,0.03134361114920203,0.02577278707748243,0.038326709104299805,0.03489309789783812,0.0055708240717196045
2023-03-24,-0.017326741764644882,-0.02189274875482128,-0.029720014659621374,-0.04308627759418693,0.004566006990176397
2023-03-25,0.007370352570810423,0.006223729170124592,0.0003088750210802349,-0.011447337603290975,0.0011466234006858311
2023-03-26,0.009121721713294617,0.007695052528000401,0.018392051837111456,0.019046532331092658,0.001426669185294216
2023-03-27,-0.001673638989192483,-0.0004958779801356172,-0.030146542215134797,-0.03435229519424676,-0.0011777610090568658
2023-03-28,0.029383312902263814,0.022209658145275313,0.005019740157663266,0.02873214963485915,0.007173654756988501
2023-03-29,0.02960367074051029,0.018431824329630864,0.03989315166279228,0.03509707810278151,0.011171846410879427
2023-03-30,0.006051730349735829,0.0047157483564690406,-0.011290504645732002,-0.01521858074436755,0.0013359819932667882
2023-03-31,0.02797953914652207,0.026388350169390895,0.015585191231934026,0.029285909032451984,0.001591188977131175
2023-04-01,-0.025337455664817488,-0.023957804582320885,-0.00044369718141634706,0.0015497330255855868,-0.0013796510824966024
2023-04-02,-0.0035726735348042826,-0.0019631436079404763,-0.0098711090289052,-0.016422060380793413,-0.0016095299268638064
2023-04-03,-0.009810015203615574,-0.009810015203615574,-0.013200046713263913,0.005892176099259849,0.0
2023-04-04,-0.004879474907734327,-0.004879474907734327,0.013146402877697971,0.015411504887743233,0.0
2023-04-05,-0.0026017116104167792,-0.0029004262001830483,0.00016119028015504355,0.005602136367199861,0.0002987145897662691
2023-04-06,-0.01887256558547412,-0.01717460259072101,-0.004834574073633635,-0.016734794402777142,-0.0016979629947531105
2023-04-07,-0.0033026033605477734,-0.0038401406852198727,-0.004547721288072681,-0.00555687892532164,0.0005375373246720994
2023-04-08,-0.00936573923281292,-0.007973739391755053,0.0011484849494720617,-0.01018474172321071,-0.0013919998410578671
2023-04-09,0.0045601462265418835,0.005491948299268579,0.013793927922807203,0.007610426327249398,-0.0009318020727266951
2023-04-10,0.015092260603837504,0.013359001059565223,0.046377317135860574,0.026454832748502133,0.001733259544272281
2023-04-11,-0.007926446320881686,-0.00311834810504219,0.01899900598366777,0.0029420189062623336,-0.004808098215839496
2023-04-12,-0.005636592949797792,-0.004135477163433432,-0.010342571394702404,-0.0007160823887020218,-0.0015011157863643598
2023-04-13,0.014592852280616242,0.005762157604739748,0.01625297317625396,0.029553999051880497,0.008830694675876494
2023-04-14,0.008221609478305414,0.011655508288691552,0.003064808400913499,0.02312564174536358,-0.003433898810386138
2023-04-15,0.002547507180363562,0.004011920702828187,-0.005640213831849872,0.005984636908537011,-0.0014644135224646249
2023-04-16,0.009024753344554881,0.007265364613387115,0.0003155626868909245,0.01581324044390353,0.0017593887311677658
2023-04-17,-0.01478878889659685,-0.01478878889659685,-0.028852997807267244,-0.018821892968778342,0.0
2023-04-18,0.031656724906718336,0.031656724906718336,0.03227085582293321,0.02667868508975535,0.0
2023-04-19,-0.07696292917892011,-0.07696292917892011,-0.05210366948529643,-0.07836296755182792,0.0
2023-04-20,-0.02820684538777718,-0.026789414768080055,-0.019218949130294316,-0.0240800348037028,-0.0014174306196971242
2023-04-21,-0.03819214563084683,-0.04019414561770196,-0.03472674388756414,-0.04503119017957158,0.0020019999868551297
2023-04-22,0.010549492362058821,0.010909043828860154,0.020321067064179577,0.021220873414300456,-0.0003595514668013333
2023-04-23,-0.01191987188642829,-0.012840206750651895,-0.00813355933543869,-0.01487661096688686,0.0009203348642236042
2023-04-24,-0.0034230920757363226,-0.004220029497899347,-0.002887577653258644,-0.0038553435601058617,0.0007969374221630243
2023-04-25,0.0066381020778660815,0.011841045391927096,0.02871077059190652,0.018707947754653675,-0.005202943314061015
2023-04-26,-0.016554350206957835,-0.009135289502558597,0.004045823455811615,-0.01881058500059507,-0.0074190607043992385
2023-04-27,0.0187668503616083,0.019723537439061634,0.03721517535101704,0.024640578921773626,-0.0009566870774533331
2023-04-28,0.01313550463934976,0.010530572725501397,-0.005465044513970008,0.0028439329984282224,0.002604931913848363
2023-04-29,0.007520494566502833,0.006183868561617123,-0.002771930662499922,0.012273156296945587,0.0013366260048857104
2023-04-30,-0.008094750991530564,-0.009646110617525072,9.442208382015593e-05,-0.01740846348846936,0.0015513596259945084
2023-05-01,-0.0433850631114141,-0.03750652299321999,-0.039850225137779915,-0.024209498369052285,-0.005878540118194109
2023-05-02,0.0007252130105042109,-0.003581728524254868,0.02143346256590184,0.006814481854009902,0.004306941534759079
2023-05-03,0.007628185680996102,0.00767740219130264,0.012427685381093623,0.012350461509487154,-4.921651030653784e-05
2023-05-04,0.00020517335907244139,-0.0008363249722111998,-0.006476915995777599,-0.014886299782640222,0.0010414983312836412
2023-05-05,0.01365366311355043,0.011266421380257352,0.023144680520532646,0.021833672829043582,0.0023872417332930773
2023-05-06,-0.016508465157185515,-0.0172614358899984,-0.02228084760830229,-0.03728509820490589,0.0007529707328128854
2023-05-07,-0.0050905281663033985,-0.009317943588414535,-0.01449310528906489,-0.006855820273416469,0.004227415422111136
2023-05-08,-0.0038799003622528305,0.0014928007430636825,-0.02677830890499855,-0.04546955895843208,-0.005372701105316513
2023-05-09,0.004272676342406356,-0.0010214087594276888,-0.0014644659199046783,-0.0005202462009077369,0.005294085101834045
2023-05-10,-0.007782540758505818,-0.008594790217517634,-0.0010684708090662465,0.009095439477592171,0.0008122494590118157
2023-05-11,-0.011535822405612572,-0.006414674634720785,-0.02283183115177323,-0.02767116912833467,-0.005121147770891787
2023-05-12,0.004683317561887224,0.002308123882714286,-0.0064374817843849685,0.01709052312765813,0.0023751936791729378
2023-05-13,-0.003395685111827973,-0.0043224407222772765,-0.0007363311303112408,-0.009593194579641473,0.0009267556104493035
2023-05-14,0.00047923731517762747,-0.0021030237240942107,0.005316097534741049,0.009189928037647732,0.002582261039271838
2023-05-15,-0.0012809982499047967,0.0015780107661671483,0.009084012628159499,0.004626574952460105,-0.002859009016071945
2023-05-16,0.005272606463275098,0.006701580050001654,-0.0047234864410535815,0.0021173551893354237,-0.0014289735867265563
2023-05-17,0.004577450999636801,0.009310457192410526,0.013752023389943968,0.019809058828680337,-0.0047330061927737255
2023-05-18,-0.009825543647264623,-0.011922571108159419,-0.021321546938747438,-0.017438371362861194,0.002097027460894796
2023-05-19,0.005329460707635958,0.006846300403017924,0.0021990001968585915,0.0019107855385978034,-0.0015168396953819663
2023-05-20,0.007190535857307001,0.00714411869362408,0.008265173030320483,0.002198451698040671,4.641716368292137e-05
2023-05-21,0.0063119292904707525,0.009051600174240892,-0.013085542514084558,-0.01769260990785415,-0.00273967088377014
2023-05-22,0.005586324480797877,0.0054990836738448845,0.0037943335858154903,0.008873614850720246,8.724080695299286e-05
2023-05-23,0.005041644014301516,9.388240632079992e-05,0.013793298663241194,0.011982005622983127,0.004947761607980716
2023-05-24,-0.021996482903245296,-0.02255742464472843,-0.03271905806144915,-0.03096893661816158,0.0005609417414831341
2023-05-25,-0.0007626436658885183,0.0031305433850516984,0.005498877473934849,-0.0006416512702773769,-0.0038931870509402167
2023-05-26,0.0026579552406811313,0.0016402252909837323,0.008768294981564617,0.010624362562574374,0.001017729949697399
2023-05-27,0.001797874494501528,0.005424071707459621,0.005554948116372804,0.013373807970034735,-0.0036261972129580933
2023-05-28,0.014470914030095816,0.008103873638613646,0.04508519501740316,0.027551103075692973,0.0063670403914821705
2023-05-29,-0.0018701751983312143,-0.005379873004874303,-0.011708533760912077,-0.009763528981706293,0.0035096978065430884
2023-05-30,0.014759415576924617,0.014922193447390875,-0.0015142556351941394,0.005051472955475811,-0.00016277787046625747
2023-05-31,-0.007440228499318358,-0.011426231422598798,-0.017478262753480966,-0.017148481817746752,0.003986002923280441
2023-06-01,-0.0032639572933576,-0.0018008998612386584,-0.014421718206491185,-0.006641105289812876,-0.0014630574321189416
2023-06-02,0.030138850458495403,0.034963669568661704,0.01583492834831035,0.030258688823070035,-0.004824819110166301
2023-06-03,-0.004297539048762511,-0.009760233828337128,-0.006363932357385971,-0.0033712306128715896,0.005462694779574617
2023-06-04,0.0043696144367266765,0.0043696144367266765,0.001698977658018963,0.0006157660910814933,0.0
2023-06-05,-0.04460143790783133,-0.04460143790783133,-0.05115247125137512,-0.06714956123982985,0.0
2023-06-06,0.010685723030578353,0.010685723030578353,0.05837485716062529,0.02924502579836985,0.0
2023-06-07,-0.0003413781872765309,-0.008237036554232358,-0.0327116189155523,-0.047942653685725145,0.007895658366955827
2023-06-08,-0.005695671580707828,0.0019076319011417375,0.006046848554291717,0.005202477630087854,-0.007603303481849566
2023-06-09,0.001217813970521453,0.0029624097109199887,-0.000784946833060296,-0.016232929792689976,-0.0017445957403985357
2023-06-10,-0.02458818105079863,-0.02458818105079863,-0.024042773930321393,-0.10229518243998659,0.0
2023-06-11,0.008417688714208449,0.0043132074483336336,0.003263779056785765,0.00481404050902956,0.004104481265874815
2023-06-12,-0.002072698366578196,0.0019875981655039787,-0.0007853256729365432,0.0033329484500015383,-0.004060296532082175
2023-06-13,0.007489696025396286,-0.005673751586843023,0.0011217829323004747,0.007938511647934687,0.01316344761223931
2023-06-14,-0.02199370121235611,-0.027100474274308062,-0.031065097313398238,-0.03209181151489526,0.0051067730619519525
2023-06-15,-0.014961498130353523,0.0017761788064161177,0.018699410233757652,0.004449323955943552,-0.01673767693676964
2023-06-16,0.00042129770265164623,0.003057743778920319,0.029162266993092212,0.014268398950250782,-0.0026364460762686726
2023-06-17,-0.0018142541524304168,-0.010353455266677636,0.006528373505409135,0.0165348842153501,0.008539201114247219
2023-06-18,0.001387905508584586,0.0012747296719965995,-0.006675719981792838,-0.00860257417576582,0.00011317583658798647
2023-06-19,0.0013635513261298637,-0.0014902372531757635,0.019148844892382,0.009368279799385704,0.0028537885793056272
2023-06-20,0.011848547628926953,0.007116936391688533,0.05452320506922326,0.02904467374537667,0.00473161123723842
2023-06-21,0.042473299502225004,0.04297325941673491,0.0595556236949355,0.0527435180282001,-0.0004999599145099065
2023-06-22,-0.0029953127884477793,-0.010510266450184935,-0.003633073269255882,-0.008373795965602171,0.007514953661737156
2023-06-23,0.0843082947881455,0.08566605257894722,0.026889146766998273,0.053880291785435075,-0.0013577577908017169
2023-06-24,0.03903211302711185,0.026878896986734402,-0.005248545872232224,-0.008655886811413604,0.012153216040377446
2023-06-25,-0.019811495756648645,-0.027720973193087306,-0.002121698420076701,0.011736320736261963,0.007909477436438661
2023-06-26,0.027378096432345123,0.015878389303229712,-0.0063904465335593574,-0.011487461223635753,0.01149970712911541
2023-06-27,0.017820221824858207,0.022359052692250803,0.014023065291087988,0.02143261870665869,-0.004538830867392596
2023-06-28,-0.0174746716040991,-0.020395026990526754,-0.020038485047132126,-0.048246333764964566,0.0029203553864276532
2023-06-29,0.015625426625965222,0.01695819709904356,0.012298266373334643,0.026924084350224087,-0.0013327704730783374
2023-06-30,0.06640689665874966,0.0647530405205392,0.0008109090753829484,0.06398037425658032,0.0016538561382104522
2023-07-01,-0.01477327485048896,-0.013924608093029422,0.003737857705434555,0.009167064767806599,-0.0008486667574595375
2023-07-02,0.0027778405700757958,0.005927881596034412,0.00101778924275564,0.006750250306156058,-0.0031500410259586165
2023-07-03,-0.017109529370191057,-0.02037825020783557,0.017610133967925767,0.01210994126676268,0.003268720837644512
2023-07-04,-0.019102556852414354,-0.021190570732346536,-0.012507622880839175,-0.01636849257505113,0.0020880138799321823
2023-07-05,-0.006025832525045294,-0.006121099995652357,-0.008506002143239377,-0.019138476721139552,9.526747060706331e-05
2023-07-06,-0.015220704186073353,-0.01792718122824999,-0.019976521735424746,-0.028271346121559793,0.002706477042176636
2023-07-07,0.01632864457971217,0.02251791087177657,0.015028049437656454,0.024498416270124723,-0.006189266292064399
2023-07-08,-0.00563855090180021,-0.008822232795469676,-0.001979587868721766,0.004104485756014631,0.0031836818936694655
2023-07-09,-0.012027128131090081,-0.012347770744217557,-0.004091844608965056,-0.0068567789064154505,0.00032064261312747533
2023-07-10,0.004852056128230808,0.002172122450052827,0.008317443455409412,0.008795445814158587,0.0026799336781779814
2023-07-11,0.007171579307218456,0.009809929529377204,0.006922694224599457,0.0026498897686753065,-0.0026383502221587474
2023-07-12,-0.0026506656429927666,-0.004494916479264699,-0.007906054777431892,-0.007007555744698357,0.0018442508362719323
2023-07-13,0.03699782108386396,0.026235860943123024,0.03535977616853181,0.14647111709836458,0.010761960140740934
2023-07-14,-0.0009914538936993678,-0.019732656304315088,-0.036313716787853334,-0.03452948111250009,0.01874120241061572
2023-07-15,-0.0024179605855205732,-0.001532168789214694,-0.0007419501379155591,0.0024076577223282047,-0.0008857917963058792
2023-07-16,-0.00096605605457456,0.0004711246881854425,-0.0018993368003190625,-0.016227645646470834,-0.0014371807427600025
2023-07-17,-0.0073622898047466245,-0.006602828615549838,-0.0031089584245033164,0.006417048082471455,-0.0007594611891967862
2023-07-18,-0.009094255302464993,-0.0102184015721547,-0.009253102395646695,-0.014389069625910578,0.0011241462696897075
2023-07-19,0.026187476737798976,0.02530322460043566,0.0016772089474810237,0.017209206944972744,0.0008842521373633172
2023-07-20,0.009753369435415715,0.0006911349927554156,-0.003651383637347849,0.01304877447204067,0.0090622344426603
2023-07-21,-0.007261751647161807,-0.007871340491564904,0.003413422818792089,0.00286852344820665,0.0006095888444030972
2023-07-22,-0.01448258922026513,-0.013728477327510813,-0.0036024683529910506,-0.016835714440427307,-0.0007541118927543167
2023-07-23,0.0015217339766468996,0.0010150676193618757,0.009725112438746075,0.011175560277441488,0.0005066663572850238
2023-07-24,-0.02041400767711732,-0.023119866405458267,-0.03015747704325422,-0.03485071790994543,0.0027058587283409485
2023-07-25,0.008889155929545423,0.005514889573477344,0.001796308673075897,0.0016661147694672085,0.0033742663560680786
2023-07-26,0.01506826464394373,0.012447439339865252,0.0042098730332400525,0.013380073947362403,0.002620825304078478
2023-07-27,0.006310215512072448,0.0065632996438957925,-0.004401068957575527,0.0012036561656800782,-0.00025308413182334455
2023-07-28,-0.0057175363729460305,-0.006044845645236885,0.003126328159059444,0.003175434113155573,0.0003273092722908544
2023-07-29,0.006122984737867432,0.007283919520552962,0.0013222287947045608,0.010608238100231038,-0.0011609347826855299
2023-07-30,-0.01478765309937502,-0.015193919601946826,-0.0024464362976061027,-0.010867891400545227,0.00040626650257180597
2023-07-31,-0.0026835735231757196,0.0016781008230117855,-0.0016679706937138272,-0.010257048545446068,-0.004361674346187505
2023-08-01,0.006056555333149971,0.005345413655269526,0.01620607377126304,0.010892130533124211,0.0007111416778804447
2023-08-02,-0.0258272330000191,-0.02699133762033401,-0.01750421379661149,-0.03752335507912086,0.0011641046203149097
2023-08-03,-0.005834456678879052,-0.0028311432286612925,0.00026142662186434684,-0.013762804122919858,-0.0030033134502177594
2023-08-04,-0.001541611739835247,0.003997689794671189,-0.002728333979592712,-0.0004883386719447547,-0.005539301534506436
2023-08-05,0.003027811744112041,0.032002961386940365,-0.0014377967430778682,0.010234404379848794,-0.028975149642828324
2023-08-06,-0.006899858996091579,-0.021793750056023686,0.0005603304608226001,-0.0064814884326067634,0.014893891059932107
2023-08-07,-0.0020305102077327053,-0.014621680467052811,0.004216110740975276,0.0006088010839044866,0.012591170259320106
2023-08-08,0.007494491333637221,0.01773604679904195,0.019148911405474367,0.02021126917144156,-0.010241555465404728
2023-08-09,0.004004960377746114,0.0012545670476431514,-0.006329437072100319,0.009748383361737556,0.0027503933301029626
2023-08-10,-0.0013169529451336759,0.00498288414268111,-0.0042674613844437825,-0.007826176393364026,-0.006299837087814786
2023-08-11,-0.0018703977207626954,0.015446512461460227,-0.0010089710837443144,-0.0007770576193809609,-0.017316910182222922
2023-08-12,0.0017519185567071993,0.006116958392922811,0.0001406917616817438,0.002489556965270756,-0.004365039836215612
2023-08-13,-0.011990123146597753,-0.02274245796856378,-0.004292533818187172,-0.012220490047999633,0.010752334821966025
2023-08-14,0.008673099465319911,0.006708036799171424,0.004336974266853755,0.0061373756459839335,0.001965062666148487
2023-08-15,-0.03028812532239522,-0.03337344898986061,-0.007846507059070196,-0.03533876290485982,0.0030853236674653894
2023-08-16,-0.03247318439310887,-0.04966413985721696,-0.016078424657534285,-0.04362185606206925,0.017190955464108093
2023-08-17,-0.02406252019688493,-0.032328727446122696,-0.07334015302895769,-0.08129768028728157,0.008266207249237767
2023-08-18,-0.007231484336151506,0.0007113449137610139,-0.0213875683092436,0.010879719576016633,-0.00794282924991252
2023-08-19,0.003526037271496696,-0.002809786314365792,0.001765947647194288,0.011158171476553846,0.006335823585862488
2023-08-20,0.0008521005901116485,0.0019167410746727676,0.003447508257659715,0.008766883867912245,-0.001064640484561119
2023-08-21,-0.002446846822780069,-0.014013592513486994,-0.0024081719771562593,-0.021069697551775568,0.011566745690706925
2023-08-22,-0.007064938100438178,-0.0022944076536421942,-0.0027144416563451568,-0.012486683221549444,-0.004770530446795984
2023-08-23,0.007624270397528221,0.012661587906069194,0.014458090267116974,0.02827855280368019,-0.005037317508540973
2023-08-24,-0.009752137806656402,-0.007955710921348946,-0.009558985984037927,-0.01727849453382657,-0.001796426885307456
2023-08-25,-0.0012247793441886312,-0.0011324591682306817,-0.0045851707693453925,-0.006660340077352056,-9.23201759579495e-05
2023-08-26,-0.003491575512915679,-0.004949732515434846,-0.0016362234703671819,-0.0030323524441104865,0.001458157002519167
2023-08-27,-0.00025281906374230445,-0.002730458168272887,0.003243986613558514,0.007739468051433551,0.0024776391045305823
2023-08-28,-0.004589819637159431,-0.006772344243393347,0.0006984200688304742,0.0008554411104173543,0.0021825246062339154
2023-08-29,0.011343780923036118,0.003259019685940334,0.061115620214395205,0.04360164878637618,0.008084761237095783
2023-08-30,-0.010403771144397056,-0.013740685825951449,-0.015021824670934159,-0.028062959458809433,0.0033369146815543926
2023-08-31,-0.008236414197462572,-0.012373163730177494,-0.04978793032524931,-0.036724585163108836,0.004136749532714923
2023-09-01,-0.001580541780513256,-0.00461696007798118,-0.005232302189833948,-0.013663856781579442,0.0030364182974679244
2023-09-02,-0.009713933494878368,-0.007581615510643291,0.002497960670488908,0.005734800250209338,-0.002132317984235077
2023-09-03,-0.0006788280091727383,-0.0029769750047686783,0.003931268895313478,0.0018261950270210825,0.00229814699559594
2023-09-04,-2.3894303447069554e-05,0.0008802060409178747,-0.005590421085501895,0.001145274607514457,-0.0009041003443649442
2023-09-05,-0.004318873796718692,-0.0056388082415830265,-0.0013134040785225398,0.003782900140118617,0.0013199344448643346
2023-09-06,0.008343233917037951,0.005486836245386817,-0.0012465057129895651,0.0033172363091709123,0.002856397671651134
2023-09-07,0.002854487799015537,0.0024388543144624464,0.01921781680476853,0.008258546651497944,0.0004156334845530907
2023-09-08,0.0028619541634913315,0.0034176671205943254,-0.01312131022662355,-0.011341449584831076,-0.000555712957102994
2023-09-09,0.005710630627733693,0.00703507803010206,-0.0003431041469674767,-0.002304808384723356,-0.0013244474023683672
2023-09-10,0.005227403314711276,0.00712910996423699,-0.002316458320544501,-0.024478939437250213,-0.001901706649525714
2023-09-11,-0.011768632983412686,-0.008390180260803515,-0.026278935406888304,-0.03445746275685435,-0.003378452722609171
2023-09-12,0.003017046734739237,0.002801656469098468,0.026928145511657675,0.01543848911826573,0.00021539026564076913
2023-09-13,-0.0004157483055257094,-0.0014300708470695866,0.01477935456906132,0.011437074400410863,0.0010143225415438772
2023-09-14,0.013869370596784947,0.01111827123563347,0.011468614140797806,0.015780940273374622,0.0027510993611514767
2023-09-15,0.006332242358330742,0.01054531662682745,0.0029133501717206745,0.015223101263216243,-0.004213074268496708
2023-09-16,-0.009344587797372683,-0.009417746513926573,-0.001516165413533943,-0.0001075903076588336,7.315871655388939e-05
2023-09-17,-0.004072004015191477,-0.007510432505727804,-0.0012108584180451354,-0.017838391606252557,0.003438428490536327
2023-09-18,0.014290607973492797,0.015479866787095675,0.00885872816559119,0.020613898672366293,-0.001189258813602878
2023-09-19,0.010593996272024064,0.010264164763398309,0.016730493514995448,0.01604327232481295,0.0003298315086257553
2023-09-20,-0.00442932514881611,-0.0063100012484336165,-0.0031333768953327734,-0.007627573351510097,0.0018806760996175065
2023-09-21,-0.018158096172385507,-0.019090177460723834,-0.020531612903225693,-0.02553718718448894,0.0009320812883383267
2023-09-22,0.009442722584627639,0.008736313433688192,0.00045392817245337724,0.005633734623464504,0.0007064091509394466
2023-09-23,0.006947485390066843,0.007695611858314022,-0.00015726027026197187,0.0029369705652104727,-0.0007481264682471789
2023-09-24,-0.010590426701815203,-0.014603966901498566,-0.012326177492741341,-0.011659496009291503,0.004013540199683363
2023-09-25,0.024602858533224303,0.02642301948956538,0.0021498469619840588,0.013897616047756634,-0.001820160956341077
2023-09-26,-0.0035328454236083218,-0.009302677402982296,-0.0031606386816709353,-0.004893128807038405,0.005769831979373974
2023-09-27,0.025511884233257787,0.02781900977900853,0.005770799495226742,0.004318354480753683,-0.0023071255457507434
2023-09-28,0.013360101151066006,0.01800133950916849,0.024585759900564774,0.027216601008500874,-0.004641238358102484
2023-09-29,0.007730654714206198,0.007452149014507414,-0.004234793250828317,0.005004515419372968,0.00027850569969878336
2023-09-30,0.005054808362375374,0.0057394700389366005,0.002066379851161315,0.009423342287469216,-0.0006846616765612268
2023-10-01,0.014002567569310509,0.020840253907855155,0.03820149125305594,0.037124458064148325,-0.006837686338544646
2023-10-02,-0.02376179846136839,-0.02994283186659008,-0.017792578530660186,-0.031549837450908,0.006181033405221692
2023-10-03,-0.016356323299119846,-0.021575654445260106,-0.0024750395624435484,-0.0017948116793717883,0.00521933114614026
2023-10-04,0.0007946267392735518,-0.0055981710206280955,0.012838332034101452,-0.002470829055290391,0.006392797759901647
2023-10-05,-0.01329539716214434,-0.013262142219650386,-0.013254101993011136,-0.012723378863690238,-3.325494249395433e-05
2023-10-06,0.017486319410553453,0.01748121891374077,0.01899644623808716,0.01738157971972032,5.100496812682209e-06
2023-10-07,-0.008351549717280804,-0.011060393242677158,0.0009158253401495564,-0.0063305268616759,0.002708843525396354
2023-10-08,-0.002512756462792809,-0.003873791018350503,-0.0014171931063319265,-0.006564073665791037,0.0013610345555576941
2023-10-09,-0.03491910764056949,-0.03381830128140961,-0.01171076456860598,-0.035395063117751646,-0.0011008063591598782
2023-10-10,-0.003194268351473073,-0.0024190967653263673,-0.007248971733359588,-0.006377693027598275,-0.0007751715861467057
2023-10-11,0.0015087438838845557,-0.0038083013309105906,-0.018787796475517426,-0.007859676452143916,0.005317045214795146
2023-10-12,-0.01592105240902164,-0.013191439961742324,-0.004312102612340163,-0.013428710080045203,-0.002729612447279317
2023-10-13,0.00867417690903971,0.0066387848393718585,0.0038255386939205493,0.007781430335826123,0.002035392069667852
2023-10-14,-0.0018923446687616474,-0.0026292479404902425,-0.00035440399076769324,0.004936336180997536,0.000736903271728595
2023-10-15,0.0013862047555226464,0.0019493307385352043,0.011234344090378379,0.0038360235714298696,-0.0005631259830125579
2023-10-16,0.028663451483632363,0.031019303891953065,0.04959205130707445,0.025919347450465757,-0.002355852408320702
2023-10-17,-0.0004340697208804478,0.0034640795459999207,-0.003679548419376566,-0.022987958693308497,-0.0038981492668803686
2023-10-18,-0.004647105899597048,-0.004283034570626176,-0.002673272312808339,-0.007776441828402869,-0.0003640713289708719
2023-10-19,0.019136934544347284,0.02030083458326737,0.013902189265536657,0.012855658398632785,-0.0011639000389200849
2023-10-20,0.037708517908233485,0.032673817885050305,0.0332708660775638,0.02543039962042104,0.005034700023183181
2023-10-21,0.04140508867545578,0.03852981504213071,0.00811485642946308,0.038104023356583916,0.0028752736333250706
2023-10-22,0.022724497738661364,0.039652457178309675,0.002763642685674972,0.02456914356464024,-0.01692795943964831
2023-10-23,0.06057514272778941,0.03680051606852719,0.10261012267749958,0.055782040793944665,0.02377462665926222
2023-10-24,-0.020442533447864175,-0.018440527883870406,0.02578591647593509,-0.010140947831628444,-0.0020020055639937695
2023-10-25,0.03866337575134837,0.05013234894745766,0.0169007624091575,0.019927810457976536,-0.011468973196109289
2023-10-26,-0.0033049991016258495,-0.01288779345171176,-0.009983461874620403,0.002154174876992876,0.00958279435008591
2023-10-27,-0.0133586028192485,-0.006179287935564326,-0.007602558704320916,-0.017740041247279126,-0.007179314883684174
2023-10-28,-0.0009403544602597513,0.0034804704686193233,0.005575943835746777,0.012808116873908038,-0.004420824928879075
2023-10-29,0.021245371370639532,0.011324808443559764,0.013053901000557477,0.016553579683436626,0.009920562927079768
2023-10-30,0.02007794808847274,0.023370501355673978,-0.0014817865665447405,0.020075887164204387,-0.003292553267201237
2023-10-31,0.021248604344497934,0.029709788435228424,0.004787274621149917,0.0033821816412173966,-0.00846118409073049
2023-11-01,0.028475908383271076,0.026845486091080062,0.022565392322177802,0.036668521390698317,0.0016304222921910139
2023-11-02,-0.01889624236013232,-0.03292509831198531,-0.013546601591183816,-0.018379843870238055,0.014028855951852992
2023-11-03,0.005695575282888887,0.0074700885026866,-0.006433880083877019,0.0072356272543459,-0.0017745132197977131
2023-11-04,0.024200401167018937,0.026770392807580423,0.009945910882288134,0.01776477743749827,-0.0025699916405614864
2023-11-05,0.015097771823066042,0.005065872005385552,-0.0014314614054447006,0.018122572697287564,0.01003189981768049
2023-11-06,0.04208074215143487,0.04694884852494052,0.00097709691681791,0.04389289803142393,-0.004868106373505654
2023-11-07,-0.009290016529387102,-0.01261005760410372,0.010073306323187703,-0.017915923424438707,0.0033200410747166176
2023-11-08,0.03689716900238271,0.03488234204428209,0.006373039781779832,0.021840940040005696,0.002014826958100624
2023-11-09,0.023519668058451515,0.018690511911170438,0.030214132209319677,0.02261979219146326,0.004829156147281077
2023-11-10,0.08817370515209277,0.06647477889688114,0.016363001752808914,0.032544833609648105,0.021698926255211637
2023-11-11,0.018833536852779886,0.020638547678914376,-0.004601139414014854,0.01553241095857727,-0.00180501082613449
2023-11-12,0.029711800473441796,0.036004882160135754,-0.0017740371667116506,0.012923053800415696,-0.006293081686693958
2023-11-13,-0.08355560893956804,-0.07475206161815118,-0.016220534516795504,-0.040548790171901605,-0.00880354732141686
2023-11-14,0.02635774043057615,0.031387980282561845,-0.025004573137704544,-0.013876303361203157,-0.005030239851985696
2023-11-15,0.09292878441112462,0.07788851905906635,0.06489262384747163,0.06126687461920732,0.015040265352058269
2023-11-16,-0.042470214028495934,-0.03965321964894064,-0.044764146208747135,-0.037079270899710415,-0.002816994379555293
2023-11-17,2.3375181171569892e-05,-0.00313456466004014,0.012454819789339933,0.001457560993973539,0.00315793984121171
2023-11-18,-0.0030758523107533575,-0.004141199955010166,-0.0012514366120863762,-0.007098838040688893,0.0010653476442568088
2023-11-19,0.026329803848006206,0.021914091202594355,0.021651658139197894,0.022552644375930297,0.004415712645411851
2023-11-20,-0.042728312594535356,-0.037798317212823895,0.0023800945720888755,-0.022324211022661133,-0.004929995381711461
2023-11-21,-0.06404406865676104,-0.054182272002102905,-0.04558573069670102,-0.06944935094468974,-0.00986179665465814
2023-11-22,0.059932455373749915,0.04110453375278911,0.046631590875071405,0.07128951287199947,0.018827921620960808
2023-11-23,-0.0010485574758883898,0.00315693973303266,-0.003049052697874144,0.00205356625343045,-0.00420549720892105
2023-11-24,-0.0005096107369926273,-0.0030939462511583304,0.011242742854936427,0.008334838269292932,0.002584335514165703
2023-11-25,0.00832173805308467,0.007407696410261844,0.001779200431038408,0.018890725390796836,0.0009140416428228271
2023-11-26,-0.006744893556620557,-0.0032455165406665154,-0.008820383545341981,-0.009866672447187197,-0.0034993770159540416
2023-11-27,-0.010705645079772674,-0.014129853772937517,-0.005467130855174918,-0.024520005566149083,0.003424208693164843
2023-11-28,0.00645042316394373,0.005499850953455843,0.0154706828452289,0.013543892387670953,0.0009505722104878878
2023-11-29,-0.003070258895810918,-0.003085204246467743,0.0009458241348827556,-0.0022298258129563875,1.494535065682534e-05
2023-11-30,0.0014124802833521688,-0.0001768936543888877,-0.0034521527611939273,0.004212784820541549,0.0015893739377410565
2023-12-01,0.007919273151657746,0.0026028556264634517,0.025409845625962824,0.016668869978851086,0.005316417525194295
2023-12-02,0.02335472415815132,0.019039987625088406,0.019849534104810163,0.024260819514762666,0.004314736533062913
2023-12-03,-0.007930531541874397,-0.008995432200094688,0.013229540422328379,0.0001031246317557688,0.0010649006582202913
2023-12-04,0.018145281422646375,0.01837450504926763,0.05050602592898157,0.022394361256384165,-0.0002292236266212555
2023-12-05,0.01965874274635815,0.024049221103632945,0.04958717442505667,0.015789989018802464,-0.004390478357274796
2023-12-06,-0.0029453887633974496,0.0011970177362774503,-0.007048028149456487,0.00011905885453589171,-0.0041424064996749
2023-12-07,0.016175889585350323,0.007353465933568559,-0.011186469570312108,0.02753169253222132,0.008822423651781763
2023-12-08,0.0690659414531185,0.08140227687806201,0.02074843655902936,0.058491017589956895,-0.012336335424943501
2023-12-09,0.011516115858560827,0.018118214774339503,-0.010354986383596998,-0.0035021250418240113,-0.006602098915778676
2023-12-10,0.03960508012366626,0.03525378145600078,0.0017365305076681992,0.020937753036321505,0.004351298667665482
2023-12-11,-0.0589529513218402,-0.05117114231288422,-0.05791592552645597,-0.06217756818084075,-0.0077818090089559755
2023-12-12,0.023344144143439216,0.024829344410839616,0.005793219467971067,0.027524292635299874,-0.0014852002674003995
2023-12-13,0.05644815478792964,0.05377873952068146,0.033178132182793085,0.01804857778460045,0.0026694152672481763
2023-12-14,-0.011226400787873403,-0.010948259041958952,0.0035743752541170792,0.00872972468752553,-0.00027814174591445084
2023-12-15,-0.02997108965181272,-0.02983412868948432,-0.02514884155318664,-0.04225486312833593,-0.00013696096232840294
2023-12-16,0.08156272295871103,0.09842423483722929,0.008052636724105389,0.04837852228660133,-0.016861511878518254
2023-12-17,-0.009353325790861455,-0.019853507324640862,-0.02136759919986808,-0.028764015381513408,0.010500181533779407
2023-12-18,-0.0003217483724482495,-0.0014854945590384583,0.03101295116695857,0.0034124022952950472,0.0011637461865902088
2023-12-19,-0.019943668902854483,-0.018749497106599122,-0.00895053190741213,-0.018411760103078656,-0.001194171796255361
2023-12-20,0.024698128712500322,0.03093172892891305,0.03294872574243679,0.03009045248396114,-0.006233600216412727
2023-12-21,-0.009796996327048224,-0.0019065929487149802,0.004416641305385882,0.04250413888417848,-0.007890403378333244
2023-12-22,-0.017295398394577943,-0.017563426560329276,0.0024449520995490914,0.0113530559418622,0.0002680281657513328
2023-12-23,0.03973841931907418,0.033553670307583605,-0.006069725424980743,0.01721104855042177,0.006184749011490576
2023-12-24,-0.009670366114877482,0.0009196278643275324,-0.016261438793871985,-0.006649578008759427,-0.010589993979205015
2023-12-25,0.0149686810078693,0.01152337634101297,0.013598734633590404,0.03470690426145362,0.0034453046668563303
2023-12-26,-0.0347558650287525,-0.02351958379232466,-0.024490472192000512,-0.013302784138336077,-0.011236281236427836
2023-12-27,-0.013978605809789268,-0.008720089897587768,0.021640629392459365,0.031933358233832365,-0.0052585159122015
2023-12-28,-0.029467578096530667,-0.02886662411896479,-0.01991970775187457,-0.025294636794190195,-0.0006009539775658768
2023-12-29,0.0015430194452288326,-0.0018344665598579724,-0.01167213610827611,-0.011395764570191758,0.003377486005086805
2023-12-30,0.011976612441946477,0.01665969431835146,0.0017431736790995966,0.005885620682359649,-0.004683081876404982
2023-12-31,0.010854973917280297,0.009997313210150738,0.0034005469351414686,-0.002552080231499443,0.0008576607071295594
2024-01-01,0.012484265015080709,0.0262346393569437,0.04483939155577654,0.046746605240668204,-0.013750374341862992
2024-01-02,-0.0029939787796199324,-0.008130123205701056,0.017369122139089255,-0.015344955769238222,0.005136144426081124
2024-01-03,-0.019059763936972174,-0.006645040073650299,-0.04675916542427516,-0.0668814446193916,-0.012414723863321875
2024-01-04,0.008694943277788525,0.007082099844143874,0.030478772082679795,0.03258508531534221,0.0016128434336446507
2024-01-05,-0.017247252685855696,-0.016805469528764272,-0.00013567045894657959,-0.030090733204948705,-0.00044178315709142435
2024-01-06,-0.015028127587171647,-0.023337355850817865,-0.00400474707164622,-0.03178404161128878,0.008309228263646218
2024-01-07,-0.004893530085454456,-0.0156284224458777,-0.0008938253724500855,-0.03665733482860123,0.010734892360423243
2024-01-08,0.03665973770743158,0.029799108761451976,0.06879324874536241,0.06826950235756235,0.006860628945979608
2024-01-09,-0.010970137257584889,-0.0007861266702551273,-0.01791312822889557,-0.023698102454335124,-0.010184010587329761
2024-01-10,-0.016273198503025887,0.03014900716032054,0.011797657774886172,0.07347933290697295,-0.04642220566334643
2024-01-11,-0.022532685788343887,-0.003399099134654082,-0.006748190240534635,0.01452944318490923,-0.019133586653689805
2024-01-12,-0.03245266936278868,-0.009937628295604184,-0.07674783056058854,-0.047538819346064964,-0.022515041067184494
2024-01-13,-0.00905246539388771,-0.006120694800484383,0.0015253818538460973,0.01667050995495467,-0.0029317705934033267
2024-01-14,-0.027968916318578785,-0.027275788630163,-0.0260371606696137,-0.03242057171933921,-0.0006931276884157844
2024-01-15,0.00834969798525842,0.004802625723920206,0.018660583456239666,0.016222617661823424,0.0035470722613382133
2024-01-16,0.013823916597022645,0.007111581397272193,0.014745560571238991,0.007465207114528916,0.006712335199750452
2024-01-17,-0.011655607012651115,-0.01783124484959342,-0.008388205744593757,-0.012511003785195651,0.006175637836942305
2024-01-18,-0.026374178951291016,-0.031363521021051444,-0.03386470482348769,-0.04615101265442745,0.004989342069760427
2024-01-19,0.01935786565825226,0.010111695792920594,0.008022019236585853,0.004573217225706028,0.009246169865331666
2024-01-20,-0.01863558329054782,-0.018462966184890517,0.0008884028264701804,0.009314545215508785,-0.00017261710565730226
2024-01-21,-0.0003821674338863046,-0.004743095731005509,-0.00277508367701107,-0.011483904168262837,0.004360928297119204
2024-01-22,-0.02743455554744545,-0.023068873373405685,-0.048395719803089654,-0.050236657305975485,-0.0043656821740397644
2024-01-23,-0.008282711078270832,-0.0129379073472351,0.008329453937801379,-0.01006781705182136,0.004655196268964268
2024-01-24,0.0008005266467563388,-0.004163345494996973,0.004694016682707636,0.013026060916512261,0.004963872141753312
2024-01-25,0.0054161545677475775,0.005660248876700358,-0.003088196846292246,-0.010205940271935332,-0.00024409430895278028
2024-01-26,0.01605535661714197,0.008938036548890249,0.04660583582680067,0.03832739239119731,0.00711732006825172
2024-01-27,-0.00022186886868902356,-0.0018166979818557971,0.007104138318376307,0.010846384696960198,0.0015948291131667736
2024-01-28,-0.013894771110719129,-0.0074216538423969025,-0.0021265114030820653,-0.002483846010632451,-0.006473117268322226
2024-01-29,0.015174530490636995,0.009113197929528027,0.03025476873531141,0.029783828085371278,0.0060613325611089675
2024-01-30,-0.0016621401175684891,0.0017498798905526414,-0.008350518558888909,-0.014144964067992816,-0.0034120200081211305
2024-01-31,-0.00887776082813041,-0.015544156034345669,-0.008409193057467124,-0.02553257296216338,0.006666395206215259
2024-02-01,0.023677367562965346,0.024185084419905634,0.011811648661343321,0.01889256342499457,-0.0005077168569402879
2024-02-02,0.012896118747734553,0.020221843504377057,0.0027170847671955656,0.0176655891370745,-0.007325724756642504
2024-02-03,-0.009988281054812975,-0.009123286031426092,-0.004372916666666726,-0.006331763121975809,-0.0008649950233868831
2024-02-04,0.0017819024546654738,0.0022150386130532773,-0.00995580442160382,-0.013157226531080979,-0.0004331361583878035
2024-02-05,0.008465637114100977,0.008796101400969425,0.0029547085589325395,0.0012139220373232895,-0.0003304642868684482
2024-02-06,-0.0012964617294620728,-0.00707035908646203,0.009137482526979213,0.008368335715754016,0.005773897356999957
2024-02-07,0.01899749292667452,0.011540872394326662,0.029018108329785353,0.02356858363016201,0.007456620532347857
2024-02-08,0.003864801943473495,-0.015424242914633846,0.021173809910348673,0.005259738168063022,0.01928904485810734
2024-02-09,0.021412012900500432,0.00011034504127360734,0.04071925305788526,0.02954231856124001,0.021301667859226825
2024-02-10,0.018297904099975115,0.04557499140482535,0.013118685789101692,0.009372321866906397,-0.027277087304850234
2024-02-11,0.012124722316682934,0.0061550527521869736,0.011495025558578842,0.004171845667077179,0.005969669564495961
2024-02-12,0.038164416426567094,0.03132455928238098,0.03348406490353306,0.033346946008506295,0.006839857144186112
2024-02-13,-0.009960137321085138,-0.024159180456885032,-0.004360815405169416,-0.01817962834710951,0.014199043135799894
2024-02-14,0.05740910435831292,0.04510604649534855,0.04216493536465804,0.03730207309472089,0.012303057862964373
2024-02-15,-0.015122380066877605,-0.015353048919508616,0.001637797501195637,0.010111010024549172,0.00023066885263101078
2024-02-16,-0.007601314264282011,-0.007671761678050171,0.004705281418658558,-0.0069118223367840015,7.044741376815988e-05
2024-02-17,-0.0033542985199771502,0.028208435491448025,-0.00923699224792518,-0.0016383923941011291,-0.031562734011425175
2024-02-18,0.019608101067675854,0.020969747324314225,0.009585683458475325,0.022777912232558428,-0.0013616462566383714
2024-02-19,0.020999108719021997,0.024687370203932968,-0.0069611856456185395,0.014958401798150112,-0.0036882614849109707
2024-02-20,0.017534510318278684,0.01665275549895373,0.009349928044047662,-0.010399404360093789,0.0008817548193249536
2024-02-21,-0.029342190277284796,-0.029438124463783466,-0.007834658340927003,-0.029175242514098976,9.593418649866958e-05
2024-02-22,0.0030118509111447533,0.01197914500867725,-0.010819220824005993,-0.004056319958065102,-0.008967294097532497
2024-02-23,-0.01576439464252899,-0.03062549160977668,-0.010611947102289299,0.0063282362767205225,0.014861096967247689
2024-02-24,0.01700222680510355,0.005636215601070749,0.016239704478250294,0.020734658308336318,0.0113660112040328
2024-02-25,-0.0024832499820712783,-0.0014770787628065607,0.0031149029382824267,0.00821094143464185,-0.0010061712192647176
2024-02-26,0.02111534086767053,0.012011918097227348,0.05311581448263403,0.03362375146869723,0.009103422770443181
2024-02-27,0.0028712989156243207,-0.011616989042052661,0.04700873606531397,0.008052420904348656,0.014488287957676982
2024-02-28,0.040610115384376755,0.012331216789533528,0.09458295215029322,0.0371553704967138,0.028278898594843227
2024-02-29,-0.03631221805826956,-0.006462210153625247,-0.020840561185672013,0.00030764701380991966,-0.029850007904644316
2024-03-01,0.03374799738662593,0.05969092458228076,0.02056109684484042,0.05031296296701626,-0.02594292719565483
2024-03-02,0.015640263429525847,0.06933455525306553,-0.006421437490282567,0.07017296775534998,-0.053694291823539686
2024-03-03,0.010524021883577372,0.00829575508051228,0.018176148396896963,-0.0028698136792998374,0.002228266803065093
2024-03-04,0.07297696084182292,0.09752883391863909,0.08130909844524137,0.03956400957872974,-0.024551873076816166
2024-03-05,-0.03685629231926213,-0.05350162404487235,-0.0662561793261438,-0.05354269775516274,0.016645331725610224
2024-03-06,0.014574708217138577,0.018966099215292243,0.03687825044280779,0.07729058211053763,-0.004391390998153666
2024-03-07,-0.0072951596002504004,-0.011694793421291316,0.011337735667442228,0.01411413859638988,0.004399633821040916
2024-03-08,0.015172320804549111,0.019696074795391816,0.01946959415424332,0.006654431586413656,-0.004523753990842705
2024-03-09,0.0063879383480440755,0.010704546652662295,0.002775519239201163,0.008867304024879008,-0.004316608304618219
2024-03-10,-0.011890271308717781,-0.024919770153268073,0.009406810711886537,-0.01577080977413514,0.013029498844550291
2024-03-11,0.009899432592789248,0.01971631517712047,0.04527851721999632,0.05600995643249673,-0.009816882584331221
2024-03-12,0.0021406926682998595,0.006311662158961839,-0.008686272251904659,-0.012265939628107625,-0.00417096949066198
2024-03-13,0.006708111352689006,0.006870623777334828,0.02267815838910625,0.01331720751593135,-0.00016251242464582205
2024-03-14,0.01345928846843436,0.012703397822946272,-0.023038380696626892,-0.0044407647442537,0.0007558906454880887
2024-03-15,-0.016522733169302084,-0.015283210203690278,-0.026461942143979122,-0.04187991799553903,-0.0012395229656118056
2024-03-16,-0.03310735651298902,-0.039756526608710874,-0.06042056205876711,-0.07749427215315874,0.006649170095721857
2024-03-17,0.047676948831160804,0.05055189751350264,0.04736324902225286,0.053390435121859925,-0.002874948682341838
2024-03-18,-0.022144363659460486,-0.025264418900879382,-0.011455624132592601,-0.030964514906945517,0.0031200552414188953
2024-03-19,-0.027987211779614496,-0.025406727070287793,-0.07299764428304167,-0.06811979092210207,-0.0025804847093267025
