index,top,+SL,TopvBot,mix,BTC,avg,mix25x25x50x0,timestamp
2023-01-01,1.0,1.0,1.0,1.0,1.0,1.0,1.0,2024-01-05 18:35:49
2023-01-02,1.0128832300248216,1.0096317136548993,0.9713829309726248,0.9979659582174485,1.0033773150586005,1.0225893786426115,0.9913202014062427,2024-01-05 18:35:49
2023-01-03,1.0193143266881306,1.013598265750258,0.9665968679846622,0.9998051182705509,1.0035163314125808,1.0290790147289464,0.9914252533445764,2024-01-05 18:35:49
2023-01-04,1.0237006188579283,1.016377083528789,0.9049431546430895,0.9809178245807654,1.014058705823943,1.0679872527500216,0.961552643501796,2024-01-05 18:35:49
2023-01-05,1.0118869201501353,1.0048376789353393,0.9054320710524129,0.9736088803372531,1.012944769584907,1.053321495910526,0.9563090298988203,2024-01-05 18:35:49
2023-01-06,1.037807209608908,1.02986182287196,0.9134199230582987,0.9928673859741962,1.0200941820753158,1.073063526122026,0.9726054328532799,2024-01-05 18:35:49
2023-01-07,1.027184982915905,1.0193552480059969,0.8983615586104349,0.9806475434668269,1.0196681059774024,1.0722548340100337,0.959619063696803,2024-01-05 18:35:49
2023-01-08,1.107368422017478,1.097947447685229,0.9421215450614362,1.047289781048981,1.0307569169663144,1.1194283711147028,1.020214935025458,2024-01-05 18:35:49
2023-01-09,1.1230153153550888,1.1134612245481579,0.9436509261201439,1.057721812049312,1.0337918064603488,1.1482842610852708,1.028250727549361,2024-01-05 18:35:49
2023-01-10,1.130533614154414,1.1209155611659702,0.9442457535201132,1.0626648396457727,1.0495831013886592,1.1643219295970293,1.0320167419833997,2024-01-05 18:35:49
2023-01-11,1.1370806506387618,1.127406898515825,0.9417833755715663,1.0658437779428178,1.0798296899213145,1.199563195495292,1.0336593672020102,2024-01-05 18:35:49
2023-01-12,1.1817913165656007,1.1717371869389357,0.9737772363951043,1.105852967856045,1.1341941113635339,1.2362424612700056,1.07153892425637,2024-01-05 18:35:49
2023-01-13,1.2070258243270866,1.1967570112715094,0.980793537287937,1.1242509569249302,1.1993927813802339,1.2868915443852251,1.0868394304038724,2024-01-05 18:35:49
2023-01-14,1.2804972205568206,1.269603347110977,1.0205157537370313,1.1850503135664174,1.2610721109723622,1.3721736732787873,1.1419258106348642,2024-01-05 18:35:49
2023-01-15,1.2925915014302098,1.2815947354804718,1.0301545127778726,1.1962430995493014,1.2560518753667234,1.378030530168448,1.1527112862053501,2024-01-05 18:35:49
2023-01-16,1.2879761777727712,1.277018676845267,1.0264762459098171,1.1919717972304413,1.2749574977056286,1.370778869495993,1.1485954184594043,2024-01-05 18:35:49
2023-01-17,1.2605248045602082,1.249800847119477,1.0045983703663206,1.1665666203107832,1.2718979343132686,1.36017719483943,1.124114747118966,2024-01-05 18:35:49
2023-01-18,1.23243975453899,1.2219547316119304,0.982145710688115,1.1405479963238787,1.2443751034347876,1.2982416061652016,1.0990299417329343,2024-01-05 18:35:49
2023-01-19,1.254609919805731,1.2439362834472543,0.9987548788321501,1.1606553974439593,1.2680933395519587,1.340857385579795,1.1182079850357576,2024-01-05 18:35:49
2023-01-20,1.4146077613362262,1.402572937925361,1.1261240493675937,1.308671410565,1.3641181338107637,1.4728544048494427,1.26081076631744,2024-01-05 18:35:49
2023-01-21,1.4230082875273546,1.4109019963555796,1.1328114399148053,1.3164428428733084,1.3711195029112198,1.460956346324524,1.2682979823175147,2024-01-05 18:35:49
2023-01-22,1.4309578915626466,1.4187839688654649,1.1391398657383958,1.3237971214306885,1.3665656641641724,1.4868580154324802,1.2753833006860418,2024-01-05 18:35:49
2023-01-23,1.4256517873117358,1.4135230064760682,1.1349158456469477,1.318888377731951,1.379117456783066,1.5091695748147733,1.2706540792370993,2024-01-05 18:35:49
2023-01-24,1.369867808018608,1.3582136112749392,1.090129696460635,1.2671353745665843,1.3620527479802014,1.4328342376501084,1.220723191586309,2024-01-05 18:35:49
2023-01-25,1.499419947266513,1.4866635813131437,1.1781072835820492,1.3811138810306134,1.3878128996344057,1.5202463615878055,1.3277052422969702,2024-01-05 18:35:49
2023-01-26,1.4777422867918835,1.465170344268742,1.16119141935079,1.3611921245423337,1.3847262551341275,1.5181355967634584,1.308575749139269,2024-01-05 18:35:49
2023-01-27,1.4846583553559676,1.4720275741454236,1.1640106963102768,1.3665408087969773,1.3886084824048033,1.548747158086662,1.3132264772675553,2024-01-05 18:35:49
2023-01-28,1.4655448083661495,1.4530766363035719,1.149025179231337,1.348947911502985,1.3855055892397738,1.5254299147790744,1.2963199506643297,2024-01-05 18:35:49
2023-01-29,1.5066820087828794,1.4938638605953545,1.1812778123900627,1.3868122881296485,1.4288173078369726,1.5815469524571018,1.3327070834972965,2024-01-05 18:35:49
2023-01-30,1.4424386054880731,1.4301670102285737,1.1307518125676328,1.327654327279321,1.3736831811274777,1.4787001664813344,1.2757929486468076,2024-01-05 18:35:49
2023-01-31,1.4483580414571176,1.436036086395752,1.1283787079543275,1.330357804694438,1.3916758692283397,1.5037621395590286,1.2770719779730537,2024-01-05 18:35:49
2023-02-01,1.5183632768159605,1.5054457498452594,1.1695318885340868,1.3894431999461474,1.4282371703251246,1.5773028495667105,1.3312231994819266,2024-01-05 18:35:49
2023-02-02,1.521755637592987,1.5088092499981516,1.1696154460236574,1.391545839443778,1.413570042276619,1.5660342002610592,1.3327578784051415,2024-01-05 18:35:49
2023-02-03,1.5670091464550067,1.5536777631017977,1.1969778145749037,1.429984846020336,1.4101373613973862,1.6096998815976653,1.3681639418824303,2024-01-05 18:35:49
2023-02-04,1.5515947023615495,1.5383944579132103,1.189007298410524,1.4174331158723286,1.4038148254020801,1.6046582678229044,1.3568795147903456,2024-01-05 18:35:49
2023-02-05,1.5067479687167062,1.4939292593728117,1.167802716537713,1.381694367373808,1.3801080235304746,1.5505346800329916,1.3251709415572321,2024-01-05 18:35:49
2023-02-06,1.482709755766596,1.4700955523330141,1.1541665572723026,1.3616210302496286,1.369853912467842,1.5219650625009495,1.306863392649612,2024-01-05 18:35:49
2023-02-07,1.5311001807361002,1.518074294124183,1.1636596441643408,1.3949798444991433,1.398616456286579,1.6089224966394888,1.3335636157263187,2024-01-05 18:35:49
2023-02-08,1.4793117202436532,1.4667264257122985,1.1307893119049548,1.3503888179373869,1.381918846946606,1.5775914601100969,1.2921753210573614,2024-01-05 18:35:49
2023-02-09,1.3780293857693724,1.3663057541267372,1.0845351732346613,1.2703395718671846,1.3117095701626378,1.447900706700425,1.2215126204140994,2024-01-05 18:35:49
2023-02-10,1.376601995968056,1.3648905078924694,1.082115568977182,1.2685176318279736,1.3014091203153453,1.4460661476520262,1.219517386209449,2024-01-05 18:35:49
2023-02-11,1.4120419486956044,1.4000289540226254,1.085131325768335,1.291467627931176,1.3156935020386065,1.480477271493706,1.2369146704369927,2024-01-05 18:35:49
2023-02-12,1.3943462364314194,1.382483788629488,1.0725192140409177,1.2756744154012396,1.310938661290566,1.4635086878869357,1.2219760430722,2024-01-05 18:35:49
2023-02-13,1.3739981235009815,1.3622166223726353,1.0660062779923891,1.2606529981293575,1.3103627363955055,1.4399836743798093,1.209329084591445,2024-01-05 18:35:49
2023-02-14,1.4119615494931437,1.3965507883534574,1.065785209750625,1.2827678548827346,1.335991695126906,1.4927650403784365,1.2251772717481995,2024-01-05 18:35:49
2023-02-15,1.4790411647173003,1.4594509451293398,1.0521387463258955,1.3168653687469227,1.463827162351243,1.6063936146381224,1.2456804514331095,2024-01-05 18:35:49
2023-02-16,1.421545799611266,1.402717118548795,1.0466305684703363,1.2804399822023786,1.4153020295785892,1.5204487118866374,1.2182078259175713,2024-01-05 18:35:49
2023-02-17,1.4857229865973212,1.4660442648357905,1.062979411498563,1.3256448766756208,1.4786266869273488,1.634019774684105,1.2552209442960516,2024-01-05 18:35:49
2023-02-18,1.4737255905378635,1.4542057768776728,1.0488691376066785,1.312642724352943,1.4823566581912841,1.6447982600791264,1.2418218426663281,2024-01-05 18:35:49
2023-02-19,1.485814393626439,1.466134461159071,1.0584936904100433,1.3238360207569522,1.4606803376111466,1.6495207931442055,1.2526126595343716,2024-01-05 18:35:49
2023-02-20,1.5013032076546544,1.4814181225010676,1.061778021610536,1.3344054201852302,1.4950095536130725,1.68598826149271,1.2610848905305059,2024-01-05 18:35:49
2023-02-21,1.4470236009224344,1.427857460880315,1.0311019734137745,1.2893909470061655,1.4715368528743602,1.6297544487876285,1.2200705008701267,2024-01-05 18:35:49
2023-02-22,1.430444143213332,1.4114976016684813,1.0184138928466948,1.2742532329533154,1.455291197135422,1.6199865278512218,1.2055742409545067,2024-01-05 18:35:49
2023-02-23,1.4213618047197865,1.4025355607093823,1.0276913752474508,1.2727288478153886,1.4407269772970062,1.6068119301875805,1.2072381884202763,2024-01-05 18:35:49
2023-02-24,1.3525328901630058,1.3346182999877578,0.9933056007121641,1.2174463875112005,1.3952963124558067,1.5395979179460295,1.1578115218037517,2024-01-05 18:35:49
2023-02-25,1.3319161020330879,1.314274585668291,0.9895751893432245,1.2035505584497563,1.3935980260881355,1.5165169616895495,1.1468130949550643,2024-01-05 18:35:49
2023-02-26,1.3642568784395868,1.3461870015081185,0.9965164278020903,1.2258471930776784,1.4175365218830411,1.5557959120878153,1.1647582848737854,2024-01-05 18:35:49
2023-02-27,1.3644353242610525,1.3464079566761984,1.0116345144431897,1.2321667910670306,1.4137596100320475,1.5355464530122678,1.173679403338457,2024-01-05 18:35:49
2023-02-28,1.3207262928819847,1.3033874184816598,1.0027444965554935,1.202276733201325,1.3926652323709527,1.4895726258491817,1.1497474477424907,2024-01-05 18:35:49
2023-03-01,1.3520548450099585,1.3308654673824136,0.9908627931510252,1.2154831594982343,1.4219970812583707,1.5420413045074817,1.1558136188569965,2024-01-05 18:35:49
2023-03-02,1.3286124319653028,1.308533996746446,0.9945597572837342,1.2031782976673553,1.4121485850121132,1.5082247452873359,1.1481113032300647,2024-01-05 18:35:49
2023-03-03,1.2745805601159,1.2651676864246695,0.9931403977452743,1.1730041257693695,1.3452895421788273,1.4358732956326763,1.1261068074794833,2024-01-05 18:35:49
2023-03-04,1.2371859984394729,1.231412335321625,0.9788753619412501,1.145484346729782,1.3448219417154397,1.4015965991741222,1.1022484377267632,2024-01-05 18:35:49
2023-03-05,1.2411438366036653,1.2359180995728283,0.9793350820250646,1.1482822790756042,1.3498572223810332,1.4076531779508694,1.1043970970344734,2024-01-05 18:35:49
2023-03-06,1.24197688076215,1.2363014869066562,0.9754552562784221,1.1471415376900977,1.3486391743271116,1.4086299379556615,1.1024804179430334,2024-01-05 18:35:49
2023-03-07,1.229088119017646,1.2227111713548384,0.975078412528257,1.1388901922364554,1.3358785562760487,1.3920203936855529,1.096377364806054,2024-01-05 18:35:49
2023-03-08,1.1973053524958528,1.2094723977743276,0.9917640985783994,1.1314592895022655,1.3062385845607614,1.3313068623533173,1.0957025678611092,2024-01-05 18:35:49
2023-03-09,1.1380320380504383,1.18003865379433,0.9725904546552325,1.0963350072365965,1.2254032828320842,1.271788447642853,1.064883919756665,2024-01-05 18:35:49
2023-03-10,1.1236644839937169,1.178441738645724,0.9475935595393764,1.08184040730181,1.2126733567033285,1.2739321590711676,1.047478152319856,2024-01-05 18:35:49
2023-03-11,1.0947946742225791,1.175280783819349,0.9290709591588625,1.064615234795965,1.2310307370574893,1.2550814967417658,1.0298101163154225,2024-01-05 18:35:49
2023-03-12,1.1504794209468332,1.1898731746983509,0.8965577423260396,1.0746523807328199,1.3237913551085525,1.3598769275753773,1.028082213742626,2024-01-05 18:35:49
2023-03-13,1.1914226046106797,1.2053175926954254,0.8898714595212355,1.0894304757066016,1.4511550092527143,1.422290946133631,1.0367315630298841,2024-01-05 18:35:49
2023-03-14,1.210961233041024,1.2233403228552533,0.876649588939384,1.0954201324444164,1.4846711902146954,1.46453241642312,1.0371555166590578,2024-01-05 18:35:49
2023-03-15,1.1619697385028613,1.1740849044709074,0.9047424930534373,1.0776473088336553,1.4615168429446215,1.3612937329837596,1.032844001532247,2024-01-05 18:35:49
2023-03-16,1.1948939002968335,1.1969189290814877,0.9104320931839266,1.0970946938557422,1.504432575563816,1.3917558462180033,1.048429726938612,2024-01-05 18:35:49
2023-03-17,1.2651871462461421,1.2635691295234825,0.8959197233193282,1.1331425706818778,1.6486454932522934,1.492796055154129,1.0700883586150292,2024-01-05 18:35:49
2023-03-18,1.2402836361219263,1.2386974678858351,0.9025411726531232,1.1210645392849068,1.619299201107319,1.442930829177846,1.063511068729782,2024-01-05 18:35:49
2023-03-19,1.258865850197618,1.2572559176249956,0.8996822854086591,1.1310782096445984,1.6834140250048921,1.4721469792614634,1.0697935646312862,2024-01-05 18:35:49
2023-03-20,1.2174311919632679,1.2159580662171048,0.9009262072807301,1.1068055494582407,1.668016308844993,1.402554806154361,1.0529452149792953,2024-01-05 18:35:49
2023-03-21,1.2409468353454793,1.2369093244748357,0.8866053374718345,1.1144241778886594,1.691393924804793,1.4755303716221193,1.054196797750342,2024-01-05 18:35:49
2023-03-22,1.1807696226564501,1.1769691330390517,0.8521358300650905,1.063966504226286,1.6399699098800933,1.4190820412451348,1.0081524392432584,2024-01-05 18:35:49
2023-03-23,1.224436713763992,1.2201481729422141,0.855245985044401,1.0913878863972835,1.7028245595558724,1.4695584424940882,1.0285595103179082,2024-01-05 18:35:49
2023-03-24,1.1830802555966882,1.1789365641224518,0.856648785572876,1.067409519881835,1.6522165886831086,1.410498551605529,1.0120327834726597,2024-01-05 18:35:49
2023-03-25,1.186630198351459,1.1824740733441153,0.867573354575749,1.0740822056547754,1.6527269171167671,1.3942084265107495,1.0200041987043627,2024-01-05 18:35:49
2023-03-26,1.20399978469692,1.1997828234052155,0.8622508190955951,1.0823671439729885,1.6831239562489682,1.4203463190462624,1.0243406307267098,2024-01-05 18:35:49
2023-03-27,1.1877800643118472,1.183539926423215,0.8782429949788505,1.0793138883367766,1.632383588848604,1.3701691244363856,1.0269230688627418,2024-01-05 18:35:49
2023-03-28,1.2273093036238611,1.2201494107661208,0.8801347424136229,1.1031905196026819,1.6405777303022577,1.4092506263507112,1.0445142998187606,2024-01-05 18:35:49
2023-03-29,1.2714345736745396,1.2640172622468033,0.8676407432924317,1.1244122837141135,1.7060255465118053,1.4585400654041059,1.0558772050669707,2024-01-05 18:35:49
2023-03-30,1.2745582399427393,1.2671227056304069,0.8748139209381882,1.1293525991597573,1.6867636571531763,1.4359557477393339,1.0615389537562805,2024-01-05 18:35:49
2023-03-31,1.3144041332966374,1.3067361454973212,0.8893708462856635,1.1591543510110967,1.713052191312985,1.477239139362456,1.0869641586104049,2024-01-05 18:35:49
2023-04-01,1.2861972613963886,1.2786938272104618,0.8636201983312146,1.1313835575888256,1.7122921148840804,1.4792353792302024,1.0595652721158115,2024-01-05 18:35:49
2023-04-02,1.2804152955868473,1.2729455923076947,0.8661738510574025,1.1291080151664732,1.695389892728725,1.4569596610774305,1.0587502124251762,2024-01-05 18:35:49
2023-04-03,1.2563386719652985,1.2490094272038135,0.8535283513024089,1.1094589818317706,1.6730106669475102,1.4634328832818915,1.0410674829339488,2024-01-05 18:35:49
2023-04-04,1.2570030191259784,1.249669898687452,0.8400318889713898,1.104002307319949,1.6950047391938883,1.4858744099896293,1.033111771818018,2024-01-05 18:35:49
2023-04-05,1.2567169383449168,1.249385486848144,0.8333255918069571,1.100896909581799,1.695277957482663,1.4936621239152665,1.028870345075709,2024-01-05 18:35:49
2023-04-06,1.2315904767525885,1.2244056083317885,0.8242768414757826,1.0822381509168733,1.6870820106218147,1.4689965538970042,1.0129988197155397,2024-01-05 18:35:49
2023-04-07,1.2255839527990566,1.2184341253152298,0.8228208972463443,1.07808220416244,1.6794096318473855,1.4612750906516796,1.0096339538881212,2024-01-05 18:35:49
2023-04-08,1.2130670823672236,1.2059902759636913,0.8199449338799938,1.06948585762356,1.6813384085335605,1.4474962033154846,1.002713805018479,2024-01-05 18:35:49
2023-04-09,1.2222162461297572,1.2150860652165685,0.8210858836930373,1.0753594186604274,1.7045306693547198,1.4581631090210831,1.0071927622763595,2024-01-05 18:35:49
2023-04-10,1.2445615084261854,1.2373009694333765,0.8239694139282069,1.0897251462737254,1.7835822287751844,1.4946551088604492,1.0181683565665907,2024-01-05 18:35:49
2023-04-11,1.243315087474676,1.2360618198685032,0.8179802086031822,1.0863572740717777,1.8174685182120476,1.4999327201438455,1.0139581199780823,2024-01-05 18:35:49
2023-04-12,1.2364093782519991,1.229196397261429,0.816452005925395,1.0816581248385282,1.7986712203048154,1.4937757028640357,1.0101950502285322,2024-01-05 18:35:49
2023-04-13,1.260847604342534,1.2534920553131454,0.8020615388755774,1.0895561577734243,1.8279049754013295,1.5339108069235203,1.0112758922906915,2024-01-05 18:35:49
2023-04-14,1.2823241244533163,1.2748432854236837,0.8026586278943842,1.1021990916123403,1.833507153926011,1.5681399004199787,1.020265043671336,2024-01-05 18:35:49
2023-04-15,1.2878384025728526,1.2803253942763473,0.8053937199057334,1.1066210269666183,1.823165781515642,1.577284619266254,1.0241970240228009,2024-01-05 18:35:49
2023-04-16,1.2996591313410684,1.2920771631244916,0.8081407922176864,1.1146610322163717,1.8237411046083045,1.601842730233523,1.0306441292156032,2024-01-05 18:35:49
2023-04-17,1.2774974280954636,1.270044747109347,0.7998472502810663,1.0981765455196615,1.771120706516018,1.571216016700141,1.0165683999692057,2024-01-05 18:35:49
2023-04-18,1.3236670564365587,1.3159450304766624,0.817937066356197,1.1329412183201877,1.828276287481008,1.6128227362622773,1.0464337921830125,2024-01-05 18:35:49
2023-04-19,1.214030162200388,1.2069477373692932,0.7645809977783458,1.0457467435707313,1.7330163840702926,1.4875223158773647,0.9689659652684598,2024-01-05 18:35:49
2023-04-20,1.1740251062391438,1.1671760634199062,0.7515852004856576,1.0168486372083148,1.699709630342879,1.4547907554273525,0.9447662558075911,2024-01-05 18:35:49
2023-04-21,1.1095551082908273,1.1032896693446375,0.7433681761903884,0.975977275013202,1.6406842493267355,1.3910616731268775,0.9137034369123759,2024-01-05 18:35:49
2023-04-22,1.1308257418029897,1.1187466413584928,0.7425937525476789,0.9864634932974697,1.6740247039884473,1.4222795118238982,0.920806740508803,2024-01-05 18:35:49
2023-04-23,1.1117620498629168,1.1010049419240493,0.7395429256647397,0.9743546231063833,1.660408924729567,1.403973364960879,0.9113837953204609,2024-01-05 18:35:49
2023-04-24,1.1052031729807037,1.0953840088765137,0.7388330150131657,0.9704686566393866,1.6556143650232467,1.3981005652762635,0.9084389613256161,2024-01-05 18:35:49
2023-04-25,1.1251819344821417,1.1113989074858706,0.7401884170826102,0.9816393563780885,1.703148329246094,1.424436644941578,0.9166981225433968,2024-01-05 18:35:49
2023-04-26,1.1050045197246285,1.0967731596488595,0.7407443936890711,0.9717113125602408,1.7100389667052842,1.3986538315673969,0.9099168281946002,2024-01-05 18:35:49
2023-04-27,1.1330670603840864,1.1236821378050965,0.7410329675149494,0.988010186894024,1.7736783667082934,1.430417559805192,0.9214522272855589,2024-01-05 18:35:49
2023-04-28,1.1435065711001873,1.1366387808867777,0.7465246978255766,0.9972826405126896,1.763985135480767,1.435441145456,0.9296452841762589,2024-01-05 18:35:49
2023-04-29,1.1588377443317839,1.1506996991808456,0.7419134617004478,1.003820659402123,1.7590954909955336,1.452822158242228,0.9327651497045328,2024-01-05 18:35:49
2023-04-30,1.1415503037013626,1.133495304543192,0.747504077819338,0.9963476303806458,1.759261588457432,1.4285335510678168,0.9293143021404897,2024-01-05 18:35:49
2023-05-01,1.090420339465597,1.0819116264210722,0.730893694427074,0.9589780950725338,1.6891546180811552,1.3943739921179568,0.8980101880693785,2024-01-05 18:35:49
2023-05-02,1.0897824440558355,1.0804150533805796,0.72447869992206,0.955543295875277,1.7253590503558178,1.403875928384948,0.8936274259460092,2024-01-05 18:35:49
2023-05-03,1.1039744031170684,1.0936471679741584,0.7228051453940162,0.9628776165442924,1.7468012698030624,1.4214710667584567,0.8982407713440751,2024-01-05 18:35:49
2023-05-04,1.0964292078731055,1.0867476673013137,0.7302991211817403,0.9619868339079466,1.7354873847172303,1.4013973556604236,0.8999457512277949,2024-01-05 18:35:49
2023-05-05,1.1186802579104198,1.1065060478308915,0.7277315529840351,0.9731970373803728,1.7756546857839253,1.4317618119507287,0.9070201700722053,2024-01-05 18:35:49
2023-05-06,1.0833807060822243,1.074361228829617,0.7357704679607383,0.9571346164661114,1.7360915943250057,1.3798736364519917,0.8982873116944244,2024-01-05 18:35:49
2023-05-07,1.0719372784882755,1.0645012638471525,0.7318414694235332,0.9491594961234914,1.710930236056993,1.371093643772752,0.8914557978434907,2024-01-05 18:35:49
2023-05-08,1.045799635162082,1.0501374115717823,0.7623989292301712,0.9503861726547963,1.6651144176809567,1.3101693868041027,0.9016253811887088,2024-01-05 18:35:49
2023-05-09,1.0477225043598006,1.052302939792939,0.7613186869364925,0.9511730601616465,1.662675914363521,1.3101007111045846,0.9018658895789273,2024-01-05 18:35:49
2023-05-10,1.039094247090361,1.0481642705989318,0.7466167513043194,0.9411922873454882,1.6608993936840861,1.3210139866087984,0.8904143337366118,2024-01-05 18:35:49
2023-05-11,1.015521462920372,1.0328625564501133,0.7621927658467346,0.9360400904177161,1.6229780191674086,1.285601159088296,0.8914026439375055,2024-01-05 18:35:49
2023-05-12,1.0298937258095304,1.0393980940713625,0.7546182793593348,0.9393294705707915,1.6125301277325612,1.3068909453839568,0.8915373965097217,2024-01-05 18:35:49
2023-05-13,1.0208729882927567,1.0348786503689447,0.7560357278454494,0.9358136631004513,1.611342771600947,1.294754274903879,0.8894533594238283,2024-01-05 18:35:49
2023-05-14,1.0248748746051644,1.0352814967557014,0.7502392570702412,0.9347663020191812,1.6199088269366775,1.3061900869727405,0.8870019098873893,2024-01-05 18:35:49
2023-05-15,1.0245517317103885,1.0364856106080056,0.747525124528033,0.9339032290307999,1.6346240991770373,1.3111494864567659,0.8855854565861273,2024-01-05 18:35:49
2023-05-16,1.0309106370957732,1.036785505296491,0.7577936135721575,0.9402016311265288,1.6269029744083552,1.3136818390709912,0.8931061044918355,2024-01-05 18:35:49
2023-05-17,1.0504147414414793,1.0496215695458457,0.7531263449499782,0.9480808058906913,1.6492761821655884,1.3383643355880144,0.8973443141134722,2024-01-05 18:35:49
2023-05-18,1.0287005395529296,1.0336937218890425,0.7521182128037774,0.9363291953930952,1.6141110626325865,1.316005884066239,0.8887019758817006,2024-01-05 18:35:49
2023-05-19,1.0342328259811902,1.0390457957308155,0.7558344953067269,0.9411658492886495,1.6176604931770673,1.3181686569538766,0.8932427395024228,2024-01-05 18:35:49
2023-05-20,1.0419890661551263,1.0463453668613698,0.7605928019839526,0.9476976060041143,1.6310307370574892,1.3209025092632387,0.8992979525677358,2024-01-05 18:35:49
2023-05-21,1.0406583685424924,1.0509270957442673,0.7786863938232277,0.9562484596907049,1.6096878150059448,1.2984338370440758,0.9106919052892121,2024-01-05 18:35:49
2023-05-22,1.0515718664509608,1.0602121408798018,0.776045086404481,0.9613828707012708,1.6157955075450998,1.3106160484167921,0.9135465146483198,2024-01-05 18:35:49
2023-05-23,1.060556708488724,1.065773980903439,0.7677250154080179,0.9623663822168409,1.6380826575593928,1.324308969182959,0.9117988852016642,2024-01-05 18:35:49
2023-05-24,1.0238329625744842,1.0321506089301606,0.7667546346429083,0.9407540476211929,1.584486135977254,1.2855173349076332,0.8961380305233044,2024-01-05 18:35:49
2023-05-25,1.026734875620787,1.032899780187015,0.772196925136718,0.9440962401870835,1.5931990310981414,1.2852239953133038,0.9001159531311863,2024-01-05 18:35:49
2023-05-26,1.0353541938562476,1.0327633565418763,0.7716585319123123,0.9464980989968735,1.6071686701671528,1.2959824337465013,0.9016615328753669,2024-01-05 18:35:49
2023-05-27,1.0481695059383611,1.0438554696790487,0.766163511883263,0.9515451057879754,1.6160964087441911,1.3128432010754965,0.9036622821123923,2024-01-05 18:35:49
2023-05-28,1.06965766415088,1.0571368972067188,0.7602809730536717,0.959669029410934,1.688958430499348,1.3467846579312897,0.9076989993394519,2024-01-05 18:35:49
2023-05-29,1.0613833134142807,1.0487949575078919,0.7621089916146456,0.9554393896236055,1.6691832036950691,1.334228691057332,0.9052441763756145,2024-01-05 18:35:49
2023-05-30,1.0793211753200478,1.065091720268608,0.7738515216547397,0.9706847557304935,1.6666556336227025,1.3409938161849682,0.9195594580351818,2024-01-05 18:35:49
2023-05-31,1.0611089120203456,1.0488380957397996,0.7749376321419701,0.9607415124908252,1.6375253885386756,1.318039631910342,0.9128174567954049,2024-01-05 18:35:49
2023-06-01,1.059123050970817,1.047369381747392,0.7722287958382129,0.9585742798838881,1.6139094588291958,1.3102036111999424,0.9104754116834262,2024-01-05 18:35:49
2023-06-02,1.1091605603001586,1.0956681305975295,0.7843213581980147,0.9934082059338627,1.6394655994704164,1.3449910444321513,0.9388542984262476,2024-01-05 18:35:49
2023-06-03,1.1000737347009475,1.0866918420657241,0.7747008483512453,0.9839207997253016,1.6290321512931254,1.3427511154005443,0.9292504969623843,2024-01-05 18:35:49
2023-06-04,1.1038841437157334,1.0907286166793126,0.776714671649808,0.9871277250270054,1.631799840522367,1.3439169610781487,0.9321259426079718,2024-01-05 18:35:49
2023-06-05,1.0328304254748906,1.0243177006649382,0.7728704249920062,0.9443072911426874,1.5483292460920481,1.2543728024912242,0.9006311574393895,2024-01-05 18:35:49
2023-06-06,1.0549643952946681,1.0412443433739877,0.7676349665490947,0.9541641240593551,1.63871274467029,1.2907702337114941,0.9061266083300695,2024-01-05 18:35:49
2023-06-07,1.025949491734415,1.012687770905353,0.7926110270419695,0.9470845681619566,1.5851077978545767,1.2311580795705872,0.9084245722342212,2024-01-05 18:35:49
2023-06-08,1.0314701223392568,1.0174258794065376,0.7889562516972011,0.9488046897426948,1.5946927046504302,1.2372801849983794,0.9086148023152634,2024-01-05 18:35:49
2023-06-09,1.0234839153463133,1.0062140329920588,0.8128184482101687,0.9524363686118643,1.5934409556622104,1.2172086510946238,0.9180935127600125,2024-01-05 18:35:49
2023-06-10,0.9545683210907036,0.9639284208228907,0.8465959401687403,0.9309668644462398,1.5551302149939086,1.099534545490573,0.9120692653253663,2024-01-05 18:35:49
2023-06-11,0.9646452894794079,0.9693991057161735,0.8492610776846425,0.9369809228250927,1.5602058164201804,1.1029942326220679,0.917206062972646,2024-01-05 18:35:49
2023-06-12,0.9684636910014245,0.9726374134288179,0.8513421929914988,0.9400259171591043,1.5589805467374807,1.1084986677709727,0.9200035142117702,2024-01-05 18:35:49
2023-06-13,0.9624374838362459,0.9706587958511188,0.8327339182060352,0.9305898447285144,1.5607293845065993,1.1152413681936462,0.9080499388537172,2024-01-05 18:35:49
2023-06-14,0.9185598928112356,0.9499758696422159,0.8254088158394398,0.9071096201278099,1.5122451742970215,1.0815796469063468,0.8888694039859024,2024-01-05 18:35:49
2023-06-15,0.9219381220008078,0.9499520830789697,0.8282476999657654,0.9092540494542685,1.5405232671852218,1.0842666277028288,0.8912096728431623,2024-01-05 18:35:49
2023-06-16,0.9334649579333104,0.9478549123734121,0.8275790966244452,0.9121296928089864,1.585448418011948,1.0986210131640852,0.8931437471010572,2024-01-05 18:35:49
2023-06-17,0.93591923432869,0.9488414374469745,0.8125355403443402,0.9077187010927903,1.59579881745829,1.1112818496085408,0.885845520158004,2024-01-05 18:35:49
2023-06-18,0.9312027631683517,0.947669208526767,0.8200044406867504,0.9086013846267013,1.5851457114056624,1.1020161369833246,0.8885272734552259,2024-01-05 18:35:49
2023-06-19,0.9390170464902096,0.9487616626940767,0.8099680085459025,0.907785126620696,1.615499420765194,1.1120362277448663,0.885209826315347,2024-01-05 18:35:49
2023-06-20,0.9622709620157316,0.9528396556022966,0.8046921497921913,0.9146082416113124,1.7035816269727861,1.1416744797081098,0.8887584121713087,2024-01-05 18:35:49
2023-06-21,1.0235006176620727,0.9765413001721835,0.8294819681541618,0.9509878111035212,1.8050394932823834,1.2002519719638598,0.9221131348804366,2024-01-05 18:35:49
2023-06-22,1.0167242783398256,0.969410562424858,0.8295030712892162,0.9465824106958757,1.798481652549388,1.1947988040792024,0.9189152698240933,2024-01-05 18:35:49
2023-06-23,1.1145710527008512,1.0603882526191055,0.8935222725255865,1.030911390537106,1.8468412896625421,1.2597725913826936,0.9980433593355372,2024-01-05 18:35:49
2023-06-24,1.1371427357669834,1.081898001541892,0.9282818566423436,1.0582187801154275,1.8371480584350157,1.253738671336745,1.0275704092453017,2024-01-05 18:35:49
2023-06-25,1.1167172558847538,1.0620423545751083,0.9017700072366686,1.0353348549287031,1.8332501843019873,1.269204560851041,1.0035676565907874,2024-01-05 18:35:49
2023-06-26,1.130562414911689,1.0752096493535734,0.9295877945061918,1.0545383013670668,1.8215348970165677,1.255049706900038,1.025267836541702,2024-01-05 18:35:49
2023-06-27,1.1533590136982297,1.096890117998593,0.9367759768881344,1.071432197053975,1.8470783998074263,1.2798316886345646,1.0395685804746972,2024-01-05 18:35:49
2023-06-28,1.124733508333716,1.0697026912611445,0.9467203608942907,1.0575072839143107,1.8100657469120045,1.2223009578289141,1.0321943790160972,2024-01-05 18:35:49
2023-06-29,1.1494828895498954,1.0929740144254465,0.9387046016906924,1.069948059179085,1.8323264176207772,1.2545226516911854,1.0391167558717547,2024-01-05 18:35:49
2023-06-30,1.2234690566655195,1.1576844318069377,0.9765172387658787,1.1283858674548175,1.8338122677418898,1.3345862805881918,1.0921465201421914,2024-01-05 18:35:49
2023-07-01,1.20981314716198,1.144762785976761,0.9563465886818465,1.1122202489413762,1.8406667970571893,1.3469693075586626,1.0747719251123895,2024-01-05 18:35:49
2023-07-02,1.2181588856728005,1.152659783038739,0.9599011830684299,1.1187132376804407,1.8425402079227315,1.3571330714124052,1.0804763938705948,2024-01-05 18:35:49
2023-07-03,1.1993811960339456,1.1348917497225126,0.9350478003322458,1.097561641268736,1.8749875878255406,1.3631101636280156,1.0581610896196243,2024-01-05 18:35:49
2023-07-04,1.1725162561792213,1.1094713089996322,0.9180158629395553,1.0745080741106825,1.8515359501707644,1.3407530403733285,1.0366729885758483,2024-01-05 18:35:49
2023-07-05,1.1625646104382459,1.100054752624611,0.9186558432782175,1.0686778939306254,1.8357867814103273,1.317391822484688,1.032634995736368,2024-01-05 18:35:49
2023-07-06,1.1353952488047778,1.074346258556994,0.9157271559979396,1.050892100219022,1.7991141468698784,1.2820812431993678,1.0189225279532388,2024-01-05 18:35:49
2023-07-07,1.164256849702633,1.1016560019905843,0.9253841943998632,1.0723952798544116,1.826151323213026,1.3100994338073269,1.0372456236161882,2024-01-05 18:35:49
2023-07-08,1.1590657912947264,1.0967440612506911,0.9090964765845945,1.062915874056625,1.8225362962071432,1.317750369081934,1.0258049488813399,2024-01-05 18:35:49
2023-07-09,1.1443908097461941,1.0828581377913007,0.9001170834797653,1.050444555459826,1.8150787608888648,1.3069542329293677,1.0142449915084797,2024-01-05 18:35:49
2023-07-10,1.1544342726517565,1.092361574420004,0.8925854970933145,1.0537113011218435,1.8301755758496725,1.3192071862750898,1.014452359925354,2024-01-05 18:35:49
2023-07-11,1.165046392270814,1.102403091697882,0.9014061749362544,1.0636397678538505,1.84284532173861,1.3241106585611204,1.0241275221168353,2024-01-05 18:35:49
2023-07-12,1.1581006152310567,1.0958307816734303,0.8998805375870739,1.0588122210247575,1.8282756856786104,1.3149905526500132,1.0202080267479032,2024-01-05 18:35:49
2023-07-13,1.2624117988230397,1.1902262795911243,0.8085763144972885,1.0851958614514063,1.892923104698575,1.5064087055077018,1.013394640437149,2024-01-05 18:35:49
2023-07-14,1.235632891792785,1.164978607701609,0.7965863003518383,1.064491453749526,1.824184031173367,1.4530483956085287,0.9951327383917353,2024-01-05 18:35:49
2023-07-15,1.2340929229264588,1.1635266952462893,0.7934862569332451,1.062232037587104,1.8228305775798546,1.4552420037250857,0.9925762622177766,2024-01-05 18:35:49
2023-07-16,1.2333736881392023,1.162848586767117,0.794383349741222,1.062219631609538,1.8193684083831103,1.4320933616998244,0.9928481124399992,2024-01-05 18:35:49
2023-07-17,1.2233309066645353,1.1533800580013975,0.787990637065324,1.0536041633441893,1.8137120676425924,1.4411247464740242,0.9848110469666728,2024-01-05 18:35:49
2023-07-18,1.2094989362174213,1.1403390085276588,0.7817828701635862,1.04289547430286,1.7969296041644753,1.423058361467079,0.9753643550106021,2024-01-05 18:35:49
2023-07-19,1.24067007066562,1.1697277574442195,0.8011311128709031,1.0694172624893235,1.7999434305745736,1.4459258636420864,1.000002453868983,2024-01-05 18:35:49
2023-07-20,1.2507584242766832,1.1792392525022426,0.8061559122827681,1.0774503261363113,1.7933711465840219,1.4661048693773588,1.0072042246245114,2024-01-05 18:35:49
2023-07-21,1.2423643584846267,1.1713251647951748,0.7983994059844011,1.0691740864242678,1.7994926805783351,1.46887628997549,0.9989790039071871,2024-01-05 18:35:49
2023-07-22,1.2222904449926106,1.1523990905975858,0.7902872721717978,1.0540359506023254,1.7930100651451126,1.4438628401520135,0.9858332759015616,2024-01-05 18:35:49
2023-07-23,1.227658031297402,1.1574597548625207,0.7861719767021385,1.055292182832096,1.8104472896324524,1.4583637912141212,0.9854310929935514,2024-01-05 18:35:49
2023-07-24,1.1917500467641147,1.1236050119976992,0.7841328183668586,1.033802166597954,1.75584876705734,1.4081699597327384,0.9697415733014386,2024-01-05 18:35:49
2023-07-25,1.1988954691015048,1.1303793079869513,0.7882789097873268,1.0397679968752216,1.7590028134262146,1.4152314422988743,0.9752205607800888,2024-01-05 18:35:49
2023-07-26,1.2187770242238736,1.149049398526307,0.7927952862362533,1.0532258182616638,1.766407991935851,1.435036335731519,0.986084204523104,2024-01-05 18:35:49
2023-07-27,1.2261450761590222,1.1559959157941269,0.7999647775474592,1.0606455137259356,1.7586339085561289,1.4373562422806643,0.9935235956211117,2024-01-05 18:35:49
2023-07-28,1.2192737432314278,1.1495176996720646,0.7929455754882949,1.0535807608336039,1.7641319752659246,1.4434164064901098,0.9863809548546734,2024-01-05 18:35:49
2023-07-29,1.2302927450430294,1.159906291803627,0.7965398174700459,1.061520359220315,1.7664645613612802,1.458662091675679,0.9930736093923409,2024-01-05 18:35:49
2023-07-30,1.2110117576017614,1.1417283916774816,0.785318919565086,1.0454706777247413,1.7621430183399311,1.4443934086896533,0.9782972095140322,2024-01-05 18:35:49
2023-07-31,1.208797262890484,1.1396786483511876,0.792200410425054,1.0472614783804381,1.7592038154272076,1.4284060260471536,0.9816971372620072,2024-01-05 18:35:49
2023-08-01,1.2188979241750757,1.1494518455664573,0.7892556439663974,1.051874371335696,1.7877136022387083,1.4443852287128596,0.9840279217156059,2024-01-05 18:35:49
2023-08-02,1.1708914294216124,1.104065550829894,0.7857462096783372,1.0226614218859587,1.7564210811380114,1.3913360030076807,0.9624375247049255,2024-01-05 18:35:49
2023-08-03,1.1605738131389214,1.095044540519435,0.7937507466666706,1.0203449904922828,1.7568802563678247,1.3725152621292496,0.9632536418100694,2024-01-05 18:35:49
2023-08-04,1.1644691122057174,1.0991660191516504,0.7971917447159,1.0242410833088647,1.7520869002663009,1.3699310482194444,0.9670561659061832,2024-01-05 18:35:49
2023-08-05,1.2041793564124694,1.1367548468644069,0.8194639198301666,1.05709787235989,1.7495677554275086,1.3861464941115682,0.9970773989932412,2024-01-05 18:35:49
2023-08-06,1.1778191219813399,1.1120530522681653,0.8021396226983933,1.034283915262421,1.7505480915341478,1.3767437149694646,0.9756644775678283,2024-01-05 18:35:49
2023-08-07,1.1638004010237184,1.0990844160987976,0.7836441442174954,1.0182105103413073,1.7579285961454587,1.3776728709909052,0.9586685205748707,2024-01-05 18:35:49
2023-08-08,1.1911751724250625,1.1215824305192343,0.7905899992342694,1.0361497465855398,1.7915910150901981,1.4052172364351967,0.9734604692789589,2024-01-05 18:35:49
2023-08-09,1.198636532815834,1.128692116476452,0.7942933656724991,1.0421204385456377,1.7802512525012444,1.4101029925799875,0.9788075554923408,2024-01-05 18:35:49
2023-08-10,1.200511461321593,1.131829787553553,0.8053374608445685,1.048459461861142,1.7726540990265875,1.3994571039475359,0.9866753917450908,2024-01-05 18:35:49
2023-08-11,1.2173387042491524,1.148001028301664,0.8191078142561359,1.0643505959385409,1.7708655422991888,1.3994659823403,1.002092724403188,2024-01-05 18:35:49
2023-08-12,1.2239008956947335,1.154310260561244,0.8211916436820748,1.069115505459422,1.7711146884920363,1.402276261147808,1.0060947052562295,2024-01-05 18:35:49
2023-08-13,1.192435374726395,1.124594987719381,0.8073663586687257,1.0447796831126075,1.7635121187957963,1.387168132292321,0.9846841637923678,2024-01-05 18:35:49
2023-08-14,1.2039106958038606,1.1354174514266067,0.8085462488760251,1.0519915433025728,1.7711604254742983,1.396040606595359,0.9901416962503956,2024-01-05 18:35:49
2023-08-15,1.15503642614441,1.0892859039640108,0.8057638108449403,1.0223252175495847,1.7572630026930685,1.3489246489942834,0.9683317411535663,2024-01-05 18:35:49
2023-08-16,1.0809338800216222,1.0237143387394558,0.7853194210130434,0.9713479208933854,1.7290089819007954,1.2947102812098075,0.9259434482165192,2024-01-05 18:35:49
2023-08-17,0.9908197333800103,1.003475090438624,0.7907991313859558,0.9402130924017017,1.6022031985797487,1.1882088326462437,0.9052990815896651,2024-01-05 18:35:49
2023-08-18,0.993302191576734,1.0119820810219777,0.783735242675235,0.9408556948113338,1.5679359682248357,1.1995765982419135,0.90374146891703,2024-01-05 18:35:49
2023-08-19,0.9934156873712755,1.0093866994682261,0.7782222303408413,0.9378811263536365,1.5707048610588736,1.2111416830681776,0.9000092542140111,2024-01-05 18:35:49
2023-08-20,1.0050055674620997,1.0070193145926936,0.7761811956856792,0.9399753020410054,1.5761198790377204,1.2225303753940748,0.9009263524530559,2024-01-05 18:35:49
2023-08-21,0.9846744752065064,1.004092462755714,0.7708410085862691,0.9305704233566718,1.5723243113123828,1.1997722368853239,0.8926161093872411,2024-01-05 18:35:49
2023-08-22,0.9724308610521982,1.0042745203928005,0.7729995188883034,0.9276383023188842,1.5680563287044722,1.1841159788248465,0.8911315871742471,2024-01-05 18:35:49
2023-08-23,0.9894646269964782,1.006913858025849,0.7688854818455076,0.93222164468156,1.5907274286488056,1.2148956224784033,0.8932481236019482,2024-01-05 18:35:49
2023-08-24,0.9721740086884675,1.0025123424159867,0.7673314730644856,0.9248051587618489,1.5755216874539268,1.1946806786028323,0.8874669656039721,2024-01-05 18:35:49
2023-08-25,0.9686796805928796,1.001804495997041,0.7672109457198807,0.9234310554551496,1.5682976514661433,1.1904182830359498,0.886443147423364,2024-01-05 18:35:49
2023-08-26,0.9626210800763663,1.0014230995278546,0.7613782033351024,0.9190485346773528,1.5657315660402926,1.1874093267873593,0.8816031106828358,2024-01-05 18:35:49
2023-08-27,0.9649424508196323,1.0009603325582659,0.7539489337290209,0.9167109405123735,1.5708107782809533,1.1978075207221262,0.8777315685063026,2024-01-05 18:35:49
2023-08-28,0.9590993114877485,0.9939123667974058,0.7474674032415645,0.9100820789773283,1.5719078640528399,1.1990232105486356,0.8710849056780016,2024-01-05 18:35:49
2023-08-29,0.9829073536703024,1.005803129376361,0.7212509518939955,0.9106473069793507,1.6679759880843144,1.251390327707465,0.8638199521114922,2024-01-05 18:35:49
2023-08-30,0.9555271546552109,0.9913563013701846,0.7216556813113851,0.8980018571571633,1.6429199452359837,1.2157011863324894,0.8549447389718166,2024-01-05 18:35:49
2023-08-31,0.9268173926284012,0.9768263919682932,0.7274528998076338,0.8870254697281645,1.5611223614726122,1.17375999658096,0.8488241574372207,2024-01-05 18:35:49
2023-09-01,0.9129494630164278,0.9717784361637594,0.7299811536196418,0.8821009467154454,1.5529540975220804,1.1581096175431387,0.8460273471525461,2024-01-05 18:35:49
2023-09-02,0.9097939215881051,0.9700651660231501,0.7162707594354752,0.8750633599200629,1.556833315780765,1.1637782422529366,0.8369784196681653,2024-01-05 18:35:49
2023-09-03,0.9078502403235784,0.9701768398164196,0.7120769095657463,0.8727853574105832,1.5629536461702818,1.1662602823787338,0.8341051745412423,2024-01-05 18:35:49
2023-09-04,0.9078524200941549,0.9705978246979786,0.7122568898955871,0.8729858306819182,1.5542160771510694,1.1679003866888291,0.8343015719171999,2024-01-05 18:35:49
2023-09-05,0.9021635761159946,0.9676223394524271,0.7015008272793515,0.8659081981198979,1.5521747634164338,1.1706624310805553,0.826055617134963,2024-01-05 18:35:49
2023-09-06,0.9092930644505229,0.9734507841854895,0.701738416838048,0.8700447803333599,1.550239968706277,1.1765746712366707,0.8290714432546552,2024-01-05 18:35:49
2023-09-07,0.9153161966941605,0.9775284192831385,0.7003085723633623,0.8725897319086715,1.5800321964283042,1.1853338716932058,0.8304679454262508,2024-01-05 18:35:49
2023-09-08,0.9147580662327696,0.9762186848811311,0.7101687500829299,0.8761179469339156,1.5593001038109149,1.173532185024987,0.8359095684535662,2024-01-05 18:35:49
2023-09-09,0.9206189593489744,0.9801838730951422,0.7173071692472874,0.8821107534183141,1.5587651014789305,1.1711669332109529,0.84229848158002,2024-01-05 18:35:49
2023-09-10,0.9152089190038158,0.9769705675811949,0.7364764573591795,0.8872767371054209,1.5551542870898354,1.147662374027386,0.8516254899694163,2024-01-05 18:35:49
2023-09-11,0.8917139959431826,0.9614244319228277,0.7414242075860836,0.8769647755130752,1.5142864880316562,1.1122706059006844,0.8456326081356412,2024-01-05 18:35:49
2023-09-12,0.897535520219998,0.967648434589678,0.7363710520800599,0.8787927768642276,1.5550634149277098,1.1282681014729614,0.8454996859743453,2024-01-05 18:35:49
2023-09-13,0.9031506586373118,0.9699938391517381,0.7268473591921303,0.8775468575914935,1.5780462485143019,1.1418880007390324,0.8418668767743924,2024-01-05 18:35:49
2023-09-14,0.9222307231907926,0.9865337758587521,0.7291328290699186,0.8896342068649598,1.596144252034846,1.1605040361323364,0.8512255792792243,2024-01-05 18:35:49
2023-09-15,0.9351058497905446,0.997606421765413,0.7260435024130738,0.8958461229216327,1.6007943791656025,1.1787163240014789,0.8547817156490728,2024-01-05 18:35:49
2023-09-16,0.924955520044184,0.988038885295142,0.7195084721858181,0.8870812641560233,1.5983673100937321,1.17516129075662,0.8465657695721726,2024-01-05 18:35:49
2023-09-17,0.9105723908362662,0.973596652155662,0.724063220923875,0.8800328757884848,1.5964319135811769,1.157150197715747,0.8428606849175746,2024-01-05 18:35:49
2023-09-18,0.9282411115555853,0.9903079605473581,0.7270939498923176,0.8919878890858967,1.610574269938467,1.180517023688353,0.8523302097204108,2024-01-05 18:35:49
2023-09-19,0.944241940234125,1.0054564967104282,0.727643718632079,0.9019060128600217,1.6375199723170912,1.1978475706681928,0.8595849935913269,2024-01-05 18:35:49
2023-09-20,0.935808804575683,0.9964766466591601,0.725095912637386,0.8954833351135681,1.6323890050701868,1.1893515993892247,0.8542415706331234,2024-01-05 18:35:49
2023-09-21,0.9104335935080908,0.9694231621976286,0.7228528248263778,0.878362155639054,1.598873425910604,1.1596973901193044,0.8413314268388863,2024-01-05 18:35:49
2023-09-22,0.9204245241383023,0.9800477597831075,0.7280393634973672,0.8868847932925631,1.599599199602812,1.1647670911113885,0.8489630852110019,2024-01-05 18:35:49
2023-09-23,0.9275407126961883,0.9876249206164519,0.7290797288587022,0.8918784974510385,1.5993476462003717,1.1681828376809353,0.85285151273141,2024-01-05 18:35:49
2023-09-24,0.9136933114320698,0.9728805127570216,0.7266514745680571,0.8820116785892806,1.5796338032407078,1.1536991855962742,0.8450650927957061,2024-01-05 18:35:49
2023-09-25,0.940069891119634,1.0009657138306662,0.7391386163133035,0.9040386492733694,1.583029774173652,1.1682308337176999,0.8645238101247157,2024-01-05 18:35:49
2023-09-26,0.9351382804243902,0.9957480089111552,0.7366872841111453,0.899887560892894,1.578026389035162,1.1636011304792742,0.8608297823592868,2024-01-05 18:35:49
2023-09-27,0.9610123062928333,1.0229196137611907,0.7606516000394344,0.9261301208537175,1.5871328629244605,1.17006519307691,0.8866581115937529,2024-01-05 18:35:49
2023-09-28,0.9830038533786586,1.0462596363759102,0.7589701596301832,0.9395560035295953,1.6261537304226172,1.1978768503298407,0.8958083662450981,2024-01-05 18:35:49
2023-09-29,0.9908173805191799,1.0545674273402645,0.7644931660435993,0.9468112754410155,1.6192673055802143,1.2030688530332185,0.9026261486576964,2024-01-05 18:35:49
2023-09-30,0.9982920511470121,1.061424666514648,0.7646138709503842,0.951316984203714,1.6226133269141094,1.2135391658796773,0.9058670595021852,2024-01-05 18:35:49
2023-10-01,1.0333998575582826,1.098752712620322,0.7654601209799519,0.9739718087469665,1.6845995757293108,1.2557331745752836,0.9222970598573793,2024-01-05 18:35:49
2023-10-02,1.003403180837779,1.0668590272523721,0.7492999540748211,0.9482699751877395,1.6546262054854302,1.2178603620135693,0.8991755906700831,2024-01-05 18:35:49
2023-10-03,0.9857291820433385,1.048067313690379,0.7330217030718885,0.9302677896777894,1.650530940165798,1.218779061479104,0.8814894059736739,2024-01-05 18:35:49
2023-10-04,0.9839824258815151,1.046210091573449,0.7318835825700111,0.9286873479073817,1.671721004408204,1.2186977217598551,0.8800240677948662,2024-01-05 18:35:49
2023-10-05,0.9675255402959327,1.0287124622229233,0.7252019772209805,0.9155065255454685,1.6495638437119187,1.2050953591300257,0.8686479509032283,2024-01-05 18:35:49
2023-10-06,0.9870309322942776,1.049451387443547,0.7308353388164028,0.9301815303538745,1.6808996945852845,1.224423307237231,0.8807777810925718,2024-01-05 18:35:49
2023-10-07,0.9771941031719777,1.0389924710786393,0.7241088293083608,0.9211475997716048,1.6824391051198353,1.2199712347809801,0.8723355505052361,2024-01-05 18:35:49
2023-10-08,0.9737175231091263,1.0352960299123657,0.7233951336321626,0.9186601778273504,1.6800547640182362,1.2143571242735425,0.8703538936003095,2024-01-05 18:35:49
2023-10-09,0.9295215379740097,0.9883050629609327,0.7148242699901067,0.8872340549807387,1.6603800382144538,1.1728882772799956,0.8454456592538843,2024-01-05 18:35:49
2023-10-10,0.9242178866395567,0.9826330618879421,0.7170141202361395,0.884755292920891,1.6483439902508028,1.1645924397242042,0.8443216508737192,2024-01-05 18:35:49
2023-10-11,0.9227313128171627,0.9812036731542091,0.7192756426676877,0.8848345501544643,1.6173752388403284,1.1567000571205293,0.8450066170831445,2024-01-05 18:35:49
2023-10-12,0.9069794477087402,0.9671115089875398,0.714150008046243,0.8734617311163013,1.6104009508477908,1.1414541499848956,0.8353555337671268,2024-01-05 18:35:49
2023-10-13,0.9164376552332072,0.9760623942547553,0.7140050645424928,0.8791335743499168,1.6165616019979854,1.1505421342559212,0.8393814477823934,2024-01-05 18:35:49
2023-10-14,0.9160115646152376,0.9748529208815506,0.7069442802127526,0.8757362912603657,1.6159886861149155,1.1561988514340777,0.8348735403436315,2024-01-05 18:35:49
2023-10-15,0.9166530012200872,0.976101490576061,0.7041480577875183,0.8751599582036141,1.6341432590608889,1.1604016987258818,0.8336359024433708,2024-01-05 18:35:49
2023-10-16,0.9467673020683611,1.0025606062583958,0.7139689633503665,0.8967394390973157,1.7151837754073462,1.1893976855190351,0.8519454267977368,2024-01-05 18:35:49
2023-10-17,0.9391891620122478,0.9944690465770941,0.7328737592056616,0.8998491330437858,1.7088726736576059,1.1638843038173443,0.8598007453620292,2024-01-05 18:35:49
2023-10-18,0.9340962494565918,0.9891728216405256,0.7328828471712584,0.8966288878780387,1.7043043916530023,1.1546280319707016,0.8574957163412348,2024-01-05 18:35:49
2023-10-19,0.9555961353005464,1.011350584272701,0.7429554579788271,0.9143217008602943,1.7279979538718477,1.1715253440211906,0.8731289209168797,2024-01-05 18:35:49
2023-10-20,0.993866210174369,1.0521986104872967,0.7576698735949217,0.9448732132709033,1.7854899423774222,1.2006796253253085,0.8993333644271889,2024-01-05 18:35:49
2023-10-21,1.045031702388723,1.1063671286054413,0.761379031739129,0.9788439298467261,1.7999789369160653,1.2451245929314834,0.9246841096806436,2024-01-05 18:35:49
2023-10-22,1.0804407746601725,1.1438544445653296,0.7792777266851504,1.0086251787016065,1.8049534355394423,1.269334617295079,0.9512186183754033,2024-01-05 18:35:49
2023-10-23,1.1452077488050336,1.2124227483300118,0.796508708313468,1.0563672371852615,1.9901599289873189,1.34171490928713,0.9902454216054971,2024-01-05 18:35:49
2023-10-24,1.1186736827917194,1.1843313341094912,0.7783045804269869,1.032002406084515,2.041478026689939,1.3239129472420277,0.9674576195938092,2024-01-05 18:35:49
2023-10-25,1.1622425879379408,1.2304574031779467,0.809974781243815,1.072795785178552,2.0759805617825413,1.3443192042456342,1.0059809104645923,2024-01-05 18:35:49
2023-10-26,1.1589853040772653,1.2270089414865446,0.8091603416497762,1.0704318143468738,2.055255088991532,1.349905808566553,1.0040654737829786,2024-01-05 18:35:49
2023-10-27,1.1433461341207198,1.2104518709985914,0.8016967821198097,1.0575111578977843,2.0396298915251196,1.326426404255879,0.9926604551009417,2024-01-05 18:35:49
2023-10-28,1.1419669369430951,1.208991725418604,0.7980246611297587,1.0550460997276003,2.051002753245974,1.3416491952623175,0.989788332219562,2024-01-05 18:35:49
2023-10-29,1.1670022914038014,1.2354964650977913,0.8127099045967076,1.0769376083288222,2.0777763401387177,1.368935027965238,1.0097449412964854,2024-01-05 18:35:49
2023-10-30,1.1906227524495672,1.2605032678615793,0.8288060529061251,1.098579064798097,2.0746975190696157,1.394689012544213,1.0299629704543787,2024-01-05 18:35:49
2023-10-31,1.215271872903698,1.2865991045306016,0.8463915389587132,1.1215112726054037,2.0846296658492203,1.399072735701487,1.0515512861564946,2024-01-05 18:35:49
2023-11-01,1.2563909343097117,1.3301315426324654,0.8657438827038388,1.1553566451807753,2.1316701521055585,1.4449900278512204,1.081362663443488,2024-01-05 18:35:49
2023-11-02,1.2232843448993822,1.2950818477953598,0.8453329601252058,1.1259808309841457,2.1027932658311665,1.42470163870002,1.0543682206417007,2024-01-05 18:35:49
2023-11-03,1.2327684230084803,1.305122569278783,0.8513633228943659,1.134478097418993,2.0892641461176247,1.4301867079082535,1.06221623964374,2024-01-05 18:35:49
2023-11-04,1.2581718547562215,1.332016989587018,0.8682104807764428,1.157546604683552,2.1100437811244706,1.450596147213751,1.0836704916202262,2024-01-05 18:35:49
2023-11-05,1.2755317845899832,1.3503958154915996,0.8808568529372583,1.1738145732029468,2.1070233348879923,1.4799776054688316,1.0990389778094958,2024-01-05 18:35:49
2023-11-06,1.3383928661361626,1.416946365233113,0.9182275404261704,1.2289799020449979,2.109082100892175,1.5383034347335534,1.1494341105247357,2024-01-05 18:35:49
2023-11-07,1.320819935710282,1.398342037218925,0.9061075622141014,1.2128151015025166,2.1303275309552143,1.51415240974597,1.1343022739478212,2024-01-05 18:35:49
2023-11-08,1.3717002079224265,1.452208595086348,0.9405366847219919,1.2593225959007521,2.1439041930582126,1.5470734799293842,1.1776998057609136,2024-01-05 18:35:49
2023-11-09,1.404862902575291,1.4873176881177295,0.9634755519003559,1.2898577314613162,2.208680397791388,1.5783738193227805,1.2062975771024644,2024-01-05 18:35:49
2023-11-10,1.5079303759732214,1.5964344396337231,1.0341872267271324,1.3844996966975285,2.244821039011843,1.6326706404664102,1.294813931359364,2024-01-05 18:35:49
2023-11-11,1.5382786605611256,1.6285639380985752,1.0574294940152178,1.4134475169749172,2.2344923044518357,1.6591566256828976,1.3223932944481593,2024-01-05 18:35:49
2023-11-12,1.592591876244727,1.686064927153587,1.0938560606672099,1.462948238049143,2.230528232055007,1.6796776073575512,1.3685157343234706,2024-01-05 18:35:49
2023-11-13,1.4731047925291105,1.559564858865026,1.0123943959137973,1.353458446789244,2.1943478718762717,1.6121175604588336,1.2662199892002395,2024-01-05 18:35:49
2023-11-14,1.5219898949546797,1.6113191456283205,1.049419293668385,1.3999009195277397,2.1394791400243753,1.5963921650786705,1.3103836506698223,2024-01-05 18:35:49
2023-11-15,1.644966032409982,1.7415130486194104,1.129240737754906,1.5108018359380992,2.2783155550874894,1.686874876546192,1.4131583934253185,2024-01-05 18:35:49
2023-11-16,1.583554743901159,1.6764973837585622,1.0945648982460952,1.4577359595939046,2.1763287044698902,1.6330606638652492,1.3650826901961342,2024-01-05 18:35:49
2023-11-17,1.5772813901878562,1.669855831814589,1.0915613027184439,1.4525526254978198,2.2034344862864303,1.6397769445848163,1.3605057971689793,2024-01-05 18:35:49
2023-11-18,1.5697986501165155,1.6619339117159866,1.0883639829944742,1.4465403776310335,2.200677027697958,1.629432075518916,1.3552860809800802,2024-01-05 18:35:49
2023-11-19,1.6080643748344359,1.7024455439309716,1.1031663156766316,1.4766057230853735,2.24832533437646,1.6668980733253844,1.3810207508111505,2024-01-05 18:35:49
2023-11-20,1.5440836926482215,1.6347096814927538,1.065680210345622,1.4207136158143558,2.2536765613010994,1.6290308439571526,1.3300832819284094,2024-01-05 18:35:49
2023-11-21,1.4454731318240208,1.5304930638871905,1.0286176113776193,1.343937314372396,2.15094106850016,1.5190810858737076,1.264519303223487,2024-01-05 18:35:49
2023-11-22,1.526792077146692,1.5969555011708847,1.0500225971889956,1.3979752308171818,2.2512428724028486,1.6238408605574444,1.3091891148110382,2024-01-05 18:35:49
2023-11-23,1.5333251989366694,1.6037888512638596,1.0497740000360003,1.4018528495749927,2.2443787142491787,1.6295127371469726,1.3118351377567432,2024-01-05 18:35:49
2023-11-24,1.530448637805561,1.6007800983422682,1.0420047145526024,1.3966412426238122,2.269611687002575,1.6429537612648901,1.3057502294662393,2024-01-05 18:35:49
2023-11-25,1.547023278179719,1.6181164229942187,1.0412891668060307,1.4064052278101205,2.27364978109438,1.6753734425916451,1.3123724851725558,2024-01-05 18:35:49
2023-11-26,1.5378367453625037,1.6085077249018396,1.041366088637208,1.4008721824824655,2.2535953179773447,1.6605762675610183,1.3085243939840965,2024-01-05 18:35:49
2023-11-27,1.5085098944195299,1.5778331643991907,1.034964062854368,1.3801915200188075,2.241274617479353,1.6211617385417647,1.29202526451681,2024-01-05 18:35:49
2023-11-28,1.5207777901283828,1.590664828797565,1.0344572277432984,1.387449122030134,2.275948666255438,1.6432665389185905,1.2969625754912275,2024-01-05 18:35:49
2023-11-29,1.5152506092557434,1.5849366695962117,1.0316157094751996,1.3828324209911131,2.2781013134337367,1.6387840947929007,1.2928352219395471,2024-01-05 18:35:49
2023-11-30,1.5185081753244407,1.5883764499909117,1.0271973133545684,1.3828495504603437,2.270236959694287,1.6483238297930562,1.2914629339899562,2024-01-05 18:35:49
2023-12-01,1.531480078267378,1.6019452048260492,1.019715604938392,1.3873752089539289,2.3279233303744737,1.67527254736167,1.292275856416999,2024-01-05 18:35:49
2023-12-02,1.5667803724073144,1.6388697053330332,1.034082890008808,1.4152101556674603,2.374131523914125,1.7128412273671836,1.316272961592152,2024-01-05 18:35:49
2023-12-03,1.5537391308595014,1.6252284215455663,1.0236974896239421,1.402619366943243,2.405540192877671,1.7144611897717228,1.3041851695472635,2024-01-05 18:35:49
2023-12-04,1.5932173028308698,1.666523028757421,1.0335845951523441,1.4308939378326127,2.5270344682323578,1.7487693357336704,1.3270519203101507,2024-01-05 18:35:49
2023-12-05,1.6314937382449595,1.7065606061569292,1.058363861725035,1.465246524612045,2.6523429671867262,1.7789166779583052,1.3589003189940048,2024-01-05 18:35:49
2023-12-06,1.6359969655824407,1.7112710320657538,1.051851092496975,1.4649372370712057,2.6336491792919814,1.7852125039450686,1.3565946500762123,2024-01-05 18:35:49
2023-12-07,1.6538159784854043,1.7299099178597697,1.0521421639300894,1.4757096031388248,2.604187942888954,1.8287780228791977,1.3641702547342416,2024-01-05 18:35:49
2023-12-08,1.794092641516957,1.8766408684488394,1.1305970809853736,1.5958357248451465,2.6582207712097747,1.9357586886466323,1.4728856448161591,2024-01-05 18:35:49
2023-12-09,1.8253761752050726,1.9093637928230092,1.152700429524623,1.6247863598942334,2.6306949313193027,1.9343133423286536,1.500124545367333,2024-01-05 18:35:49
2023-12-10,1.8913439379004333,1.9783668067195346,1.192462511302828,1.6826142737031615,2.6352632133239067,1.9737352863703497,1.5531044386312478,2024-01-05 18:35:49
2023-12-11,1.7950264294699956,1.8776176210393054,1.1265978297215045,1.5945097639922852,2.48263950531843,1.8552051914894248,1.4706659606102737,2024-01-05 18:35:49
2023-12-12,1.8390610914345942,1.9236783674906277,1.1553887368513256,1.6341697867915883,2.497021980832595,1.8891489253423432,1.5074966607183884,2024-01-05 18:35:49
2023-12-13,1.9456222569759647,2.035142532504644,1.2165224042775504,1.7261181265849281,2.5798685061759987,1.9350465558500194,1.5910534452476688,2024-01-05 18:35:49
2023-12-14,1.9296910863046086,2.018478350693597,1.2020217174493566,1.7098372576684582,2.5890899243233503,1.9543189177311011,1.5750569941397556,2024-01-05 18:35:49
2023-12-15,1.852396695953435,1.9376275582215856,1.166092538169649,1.6471425065698089,2.5239773120495905,1.8740954878184077,1.519972571404592,2024-01-05 18:35:49
2023-12-16,2.0411528609213603,2.135068607336513,1.273261853210443,1.8094965876210685,2.54430198444341,1.965706911141245,1.667260185229206,2024-01-05 18:35:49
2023-12-17,1.9928137829180768,2.084505393807363,1.2574939319485061,1.773458433201536,2.489936359396394,1.910271804917028,1.6371943802749576,2024-01-05 18:35:49
2023-12-18,1.9956989201238935,2.087523279431675,1.2482488052784622,1.7708239703483342,2.567156634119189,1.9219117965289587,1.6323611743140045,2024-01-05 18:35:49
2023-12-19,1.9502632583075123,2.039997071544469,1.233126386199217,1.736795526920496,2.5441792167541806,1.8827387904790496,1.603891408321534,2024-01-05 18:35:49
2023-12-20,1.9902541097749369,2.0818279472145127,1.2391834589398965,1.7633816318731899,2.6280066800066217,1.9281912303225155,1.624274722843992,2024-01-05 18:35:49
2023-12-21,2.007162178681224,2.099513975450635,1.2110408054177508,1.7600195808879673,2.639613642860369,2.0050499150113197,1.6127300188300993,2024-01-05 18:35:49
2023-12-22,1.9790329769550605,2.070090517411408,1.1811747810979416,1.7291076062342998,2.646067371778479,2.0225045235765555,1.5815431540316882,2024-01-05 18:35:49
2023-12-23,2.044936824067,2.139026674896395,1.2211681074186276,1.787010238939805,2.6300064693757834,2.056389356489276,1.6346513538326755,2024-01-05 18:35:49
2023-12-24,2.0380127485493857,2.1317840148509286,1.2248137902748428,1.7847547252554377,2.5872387801465417,2.0373342522372693,1.634323970447256,2024-01-05 18:35:49
2023-12-25,2.0798280799067923,2.175523316789478,1.216486769342718,1.8051228195503737,2.6224219537514886,2.10214544359275,1.6455346950446326,2024-01-05 18:35:49
2023-12-26,2.0107774496254214,2.1032955890905316,1.184135207158391,1.749167271963993,2.558197601817446,2.07437470846462,1.5963377988208798,2024-01-05 18:35:49
2023-12-27,1.9813288629552939,2.072492039717244,1.1317026748856498,1.706271904348285,2.6135586080310556,2.1172201292421104,1.549306055347522,2024-01-05 18:35:49
2023-12-28,1.9236168039997066,2.012124583805486,1.09756425451583,1.6559815594584146,2.561497284366681,2.067449998486871,1.503374170861561,2024-01-05 18:35:49
2023-12-29,1.9210004797469462,2.009387879521536,1.1043128925868948,1.6578740854020635,2.5315991394225734,2.038883508305301,1.5069737251847168,2024-01-05 18:35:49
2023-12-30,1.9489694672766313,2.038643751728315,1.1209306770448946,1.68228200653716,2.536012156408446,2.053347846302753,1.5292827158299704,2024-01-05 18:35:49
2023-12-31,1.9614364337205934,2.0516843373663773,1.1314193532708816,1.694703139862854,2.5446359847744024,2.047120108140552,1.5413287310551897,2024-01-05 18:35:49
2024-01-01,2.0135709998136377,2.1062176736752147,1.1414860573690322,1.7297591981872378,2.6587359140626208,2.1297317624709433,1.5686697454546359,2024-01-05 18:35:49
2024-01-02,1.9925592074477227,2.0842391050323505,1.137562931301899,1.7157440916563975,2.7049158228895576,2.0896603381464103,1.5577894933597134,2024-01-05 18:35:49
2024-01-03,1.929146771356347,2.0179089912003496,1.1601863671340533,1.690716188330711,2.5784362164683254,1.9416451029227175,1.548491839458922,2024-01-05 18:35:49
2024-01-04,1.9567537376226334,2.046786185136888,1.1499860099556294,1.7019006005231136,2.6570237862397907,1.9896109789694805,1.5527644809145733,2024-01-05 18:35:49
2024-01-05,1.883614995407348,1.9702822468608268,1.1463506491769924,1.6576986083159768,2.6151377375238862,1.891362637294833,1.5212908661269962,2024-01-05 18:35:49
