,symbolB,symbol,id,name,slug,num_market_pairs,date_added,tags,max_supply,circulating_supply,total_supply,platform,cmc_rank,self_reported_circulating_supply,self_reported_market_cap,tvl_ratio,last_updated,price,volume,volume_change_24h,percent_change_1h,percent_change_24h,percent_change_7d,percent_change_30d,percent_change_60d,percent_change_90d,marketCap,market_cap_dominance,fully_diluted_market_cap,tvl,last_updated,isduplicate,$\mu$,$\sigma$,sharpe,dd,n,d0,d1,"$ho$ BTC",beta BTC,$\sigma$ ex.BTC,volatility
BTC,BTCUSDT,BTC,1,Bitcoin,bitcoin,9934,2013-04-28T00:00:00.000Z,"['mineable', 'pow', 'sha-256', 'store-of-value', 'state-channel', 'coinbase-ventures-portfolio', 'three-arrows-capital-portfolio', 'polychain-capital-portfolio', 'binance-labs-portfolio', 'blockchain-capital-portfolio', 'boostvc-portfolio', 'cms-holdings-portfolio', 'dcg-portfolio', 'dragonfly-capital-portfolio', 'electric-capital-portfolio', 'fabric-ventures-portfolio', 'framework-ventures-portfolio', 'galaxy-digital-portfolio', 'huobi-capital-portfolio', 'alameda-research-portfolio', 'a16z-portfolio', '1confirmation-portfolio', 'winklevoss-capital-portfolio', 'usv-portfolio', 'placeholder-ventures-portfolio', 'pantera-capital-portfolio', 'multicoin-capital-portfolio', 'paradigm-portfolio']",21000000.0,19264718.0,19264718.0,,1,,,,2023-01-17T08:27:00.000Z,21172.07603875531,22888.91208961937,-1.5046,0.1126221,1.71001744,22.80698563,26.33835642,26.64011017,10.36377304,407.8740743611781,41.205,444613596813.86,,2023-01-17T08:27:00.000Z,False,-0.1408820229867116,0.7201336302252065,-0.19563316733680905,0.7662925431645935,747,2020-12-31,2023-01-17,1.0,1.0,1.0,0.7201336302252065
ETH,ETHUSDT,ETH,1027,Ethereum,ethereum,6361,2015-08-07T00:00:00.000Z,"['pos', 'smart-contracts', 'ethereum-ecosystem', 'coinbase-ventures-portfolio', 'three-arrows-capital-portfolio', 'polychain-capital-portfolio', 'binance-labs-portfolio', 'blockchain-capital-portfolio', 'boostvc-portfolio', 'cms-holdings-portfolio', 'dcg-portfolio', 'dragonfly-capital-portfolio', 'electric-capital-portfolio', 'fabric-ventures-portfolio', 'framework-ventures-portfolio', 'hashkey-capital-portfolio', 'kenetic-capital-portfolio', 'huobi-capital-portfolio', 'alameda-research-portfolio', 'a16z-portfolio', '1confirmation-portfolio', 'winklevoss-capital-portfolio', 'usv-portfolio', 'placeholder-ventures-portfolio', 'pantera-capital-portfolio', 'multicoin-capital-portfolio', 'paradigm-portfolio', 'injective-ecosystem']",,122373866.2178,122373866.2178,,2,,,,2023-01-17T08:27:00.000Z,1564.9203979853405,7634.955308872561,-0.298,-0.05108638,1.47207788,18.00237007,31.70575572,29.34846982,20.71737899,191.5053594245644,19.3466,191505359424.56,,2023-01-17T08:27:00.000Z,False,0.44591885568464007,0.9677300917247886,0.46078845692384884,0.7930253453633335,747,2020-12-31,2023-01-17,0.8148181802301374,1.094969099063659,1.3438201621303976,0.9677300917247886
BNB,BNBUSDT,BNB,1839,BNB,bnb,1169,2017-07-25T00:00:00.000Z,"['marketplace', 'centralized-exchange', 'payments', 'smart-contracts', 'alameda-research-portfolio', 'multicoin-capital-portfolio', 'bnb-chain']",200000000.0,157904427.17979723,159979963.59042934,,4,,,,2023-01-17T08:27:00.000Z,301.7269073636622,545.9911872781494,-4.323,0.67387336,1.01100401,9.64127982,21.56070786,11.52649546,11.37454415,47.64401447199082,4.8127,60345381472.73,,2023-01-17T08:27:00.000Z,False,1.7759339699837082,1.1567303989740965,1.535305004138201,0.7086445315388596,747,2020-12-31,2023-01-17,0.6478260634939804,1.0405847879328511,1.6062718784739358,1.0
XRP,XRPUSDT,XRP,52,XRP,xrp,875,2013-08-04T00:00:00.000Z,"['medium-of-exchange', 'enterprise-solutions', 'arrington-xrp-capital-portfolio', 'galaxy-digital-portfolio', 'a16z-portfolio', 'pantera-capital-portfolio']",100000000000.0,50713323547.0,99989156648.0,,6,,,,2023-01-17T08:27:00.000Z,0.3893449528304637,1126.2521072889251,-6.351,0.1825368,1.02582399,11.68117197,10.13026292,2.1817465,-14.6049661,19.744976564282762,1.9947,38934495283.05,,2023-01-17T08:27:00.000Z,False,0.3231689901877468,1.233178155167542,0.26206188362446337,0.8323958401465106,747,2020-12-31,2023-01-17,0.5970487464310515,1.0224039549974726,1.7124296150172753,1.0
BUSD,BUSDUSDT,BUSD,4687,Binance USD,binance-usd,6028,2019-09-20T00:00:00.000Z,"['stablecoin', 'asset-backed-stablecoin', 'binance-chain', 'harmony-ecosystem', 'moonriver-ecosystem', 'usd-stablecoin']",,16242596010.614058,16242596010.614058,"{'id': 1839, 'name': 'BNB', 'symbol': 'BNB', 'slug': 'bnb', 'token_address': 'BUSD-BD1'}",7,,,,2023-01-17T08:27:00.000Z,1.0000940694977634,7844.933588400296,-6.7257,-0.01442169,-0.02736064,-0.0232211,-0.00994766,-0.06477199,0.04577339,16.24412394346315,1.641,16244123943.46,,2023-01-17T08:27:00.000Z,False,0.0005869283563928462,0.008104781197374865,0.07241754491570385,0.005669949268874985,747,2020-12-31,2023-01-17,-0.15032125323882037,-0.0016917983214237804,0.011254551734849922,0.008104781197374865
ADA,ADAUSDT,ADA,2010,Cardano,cardano,636,2017-10-01T00:00:00.000Z,"['dpos', 'pos', 'platform', 'research', 'smart-contracts', 'staking', 'cardano-ecosystem', 'cardano']",45000000000.0,34518582983.094,35303937971.934,,8,,,,2023-01-17T08:27:00.000Z,0.35063447619845733,321.7079698428263,-16.5889,0.09057529,0.3391334,10.81794796,31.11440442,7.27191463,-1.60027315,12.103405263390147,1.2226,15778551428.93,,2023-01-17T08:27:00.000Z,False,0.3798778474636564,1.1302679172209782,0.3360953997505944,0.9177343223196224,747,2020-12-31,2023-01-17,0.6432846502618212,1.0096515026027508,1.569525251677956,1.0
DOGE,DOGEUSDT,DOGE,74,Dogecoin,dogecoin,634,2013-12-15T00:00:00.000Z,"['mineable', 'pow', 'scrypt', 'medium-of-exchange', 'memes', 'payments', 'doggone-doggerel', 'bnb-chain']",,132670764299.89409,132670764299.89409,,9,,,,2023-01-17T08:27:00.000Z,0.08425520251481367,427.4457918935698,-18.8565,0.0959536,-0.2509602,10.4578506,6.40882893,-0.81714457,42.17737984,11.178202113882687,1.1294,11178202113.88,,2023-01-17T08:27:00.000Z,False,3.112377223975818,3.228103537302272,0.9641503712662306,0.9233133281145807,747,2020-12-31,2023-01-17,0.3150313871033118,1.412173924930309,4.4826451672486805,1.0
MATIC,MATICUSDT,MATIC,3890,Polygon,polygon,571,2019-04-28T00:00:00.000Z,"['platform', 'enterprise-solutions', 'scaling', 'state-channel', 'coinbase-ventures-portfolio', 'binance-launchpad', 'binance-labs-portfolio', 'polygon-ecosystem', 'moonriver-ecosystem', 'injective-ecosystem']",10000000000.0,8734317475.28493,10000000000.0,,10,,,,2023-01-17T08:27:00.000Z,1.015166052354608,563.4404988401005,3.3958,-0.05582466,2.73625091,19.61623902,24.40195854,14.71868982,18.64471511,8.866782591396868,0.8958,10151660523.55,,2023-01-17T08:27:00.000Z,False,6.256415705341064,1.6500826618985107,3.791577143258214,0.8796940194714882,747,2020-12-31,2023-01-17,0.5849265183065979,1.3402750070713123,2.2913562047956035,1.0
SOL,SOLUSDT,SOL,5426,Solana,solana,422,2020-04-10T00:00:00.000Z,"['pos', 'platform', 'solana-ecosystem', 'cms-holdings-portfolio', 'kenetic-capital-portfolio', 'alameda-research-portfolio', 'multicoin-capital-portfolio', 'okex-blockdream-ventures-portfolio']",,370761390.7211857,538755267.1040359,,11,,,,2023-01-17T08:27:00.000Z,23.486682044912442,1157.4343347269812,-31.4886,-0.21029686,0.10948002,46.62008983,88.52769532,73.72337743,-21.45563958,8.70795489839804,0.8797,12653573658.49,,2023-01-17T08:27:00.000Z,False,2.8309954531776356,1.4429050037163271,1.9620109750026238,0.9626992725584275,747,2020-12-31,2023-01-17,0.5367823038355389,1.0755307620732288,2.003662852497375,1.0
DOT,DOTUSDT,DOT,6636,Polkadot,polkadot-new,459,2020-08-19T00:00:00.000Z,"['substrate', 'polkadot', 'binance-chain', 'polkadot-ecosystem', 'three-arrows-capital-portfolio', 'polychain-capital-portfolio', 'arrington-xrp-capital-portfolio', 'blockchain-capital-portfolio', 'boostvc-portfolio', 'cms-holdings-portfolio', 'coinfund-portfolio', 'fabric-ventures-portfolio', 'fenbushi-capital-portfolio', 'hashkey-capital-portfolio', 'kenetic-capital-portfolio', '1confirmation-portfolio', 'placeholder-ventures-portfolio', 'pantera-capital-portfolio', 'exnetwork-capital-portfolio', 'web3', 'spartan-group', 'injective-ecosystem', 'bnb-chain']",,1155740181.1397305,1271963851.4449103,,12,904869778.0,5419219648.741134,,2023-01-17T08:27:00.000Z,5.9889497698984195,290.8676402378472,-4.0542,-1.247602,3.34843979,22.22214302,27.90993255,5.27629431,-1.59659588,6.921669891899146,0.6992,7617727615.43,,2023-01-17T08:27:00.000Z,False,-0.19173736399892805,1.2171779607759525,-0.15752615490728672,0.920364176885916,747,2020-12-31,2023-01-17,0.7097065428990313,1.1995539805092104,1.690211246481165,1.0
LTC,LTCUSDT,LTC,2,Litecoin,litecoin,869,2013-04-28T00:00:00.000Z,"['mineable', 'pow', 'scrypt', 'medium-of-exchange']",84000000.0,72072579.22114708,84000000.0,,13,,,,2023-01-17T08:27:00.000Z,85.91050285310176,556.2526027300072,-10.4503,-0.04304991,0.34978914,5.89137215,32.81395878,37.81942166,67.56455876,6.191791522808758,0.6256,7216482239.66,,2023-01-17T08:27:00.000Z,False,-0.16465811290050913,1.0227584645641614,-0.16099413361558107,0.8878287777204745,747,2020-12-31,2023-01-17,0.7846999386105558,1.1144577487735732,1.420234275469563,1.0
DAI,DAIUSDT,DAI,4943,Dai,multi-collateral-dai,1798,2019-11-22T00:00:00.000Z,"['defi', 'stablecoin', 'asset-backed-stablecoin', 'ethereum-ecosystem', 'avalanche-ecosystem', 'polygon-ecosystem', 'fantom-ecosystem', 'arbitrum-ecosytem', 'harmony-ecosystem', 'moonriver-ecosystem', 'bnb-chain', 'usd-stablecoin', 'optimism-ecosystem']",,5836021298.701854,5836021298.701854,"{'id': 1027, 'name': 'Ethereum', 'symbol': 'ETH', 'slug': 'ethereum', 'token_address': '0x6b175474e89094c44da98b954eedeac495271d0f'}",14,,,,2023-01-17T08:27:00.000Z,1.0002822030045528,174.02934046510833,1.938,0.02736165,0.12199611,0.04155633,0.04367002,0.05877258,0.08339241,5.837668241446981,0.5897,5837668241.45,,2023-01-17T08:27:00.000Z,False,,,,,,,,,,,
SHIB,SHIBUSDT,SHIB,5994,Shiba Inu,shiba-inu,480,2020-08-01T00:00:00.000Z,"['memes', 'ethereum-ecosystem', 'doggone-doggerel']",,549063278876301.94,589735030408322.8,"{'id': 1027, 'name': 'Ethereum', 'symbol': 'ETH', 'slug': 'ethereum', 'token_address': '0x95ad61b0a150d79219dcf64e1e6cc01f0b64c4ce'}",15,,,,2023-01-17T08:27:00.000Z,1.0475957906171893e-05,289.042155337581,-37.7188,-0.33262564,0.52638379,19.09230799,20.31552447,15.05711913,3.80417449,5.751963797332858,0.581,6178039354.35,,2023-01-17T08:27:00.000Z,False,-0.5074476738836194,1.5778439166708114,-0.32160828363448907,0.9024791297748546,617,2021-05-10,2023-01-17,0.5374280834464873,1.119812004374187,2.1910432320420523,1.0
TRX,TRXUSDT,TRX,1958,TRON,tron,721,2017-09-13T00:00:00.000Z,"['media', 'payments', 'tron-ecosystem']",,91873949146.36078,91873986399.15848,,16,71659659264.0,4458014991.341983,,2023-01-17T08:27:00.000Z,0.06221094318796987,218.7808907096424,-15.7562,0.1015043,0.26288294,14.92596394,15.90570737,23.2309556,-0.67980783,5.715565030798683,0.5773,5715567348.33,,2023-01-17T08:27:00.000Z,False,0.5104603635698899,1.00484817816118,0.5079975011787411,0.6951464588027525,747,2020-12-31,2023-01-17,0.6321365205689644,0.8820602238007208,1.3953634936434436,1.0
AVAX,AVAXUSDT,AVAX,5805,Avalanche,avalanche,364,2020-07-13T00:00:00.000Z,"['defi', 'smart-contracts', 'three-arrows-capital-portfolio', 'polychain-capital-portfolio', 'avalanche-ecosystem', 'cms-holdings-portfolio', 'dragonfly-capital-portfolio', 'moonriver-ecosystem', 'injective-ecosystem']",720000000.0,311582142.74122435,416988132.74122435,,17,,,,2023-01-17T08:27:00.000Z,16.85552511232908,419.4756824051448,-18.7192,-0.18963628,2.52186796,36.07065811,41.55348298,29.14033795,8.99029946,5.25188063152801,0.5306,12135978080.88,,2023-01-17T08:27:00.000Z,False,1.2592065845792813,1.516228969270238,0.8304857710147421,0.919385938890537,747,2020-12-31,2023-01-17,0.5637152910919063,1.186892847244,2.1054827960139417,1.0
UNI,UNIUSDT,UNI,7083,Uniswap,uniswap,600,2020-09-17T00:00:00.000Z,"['decentralized-exchange-dex-token', 'defi', 'dao', 'yield-farming', 'amm', 'coinbase-ventures-portfolio', 'three-arrows-capital-portfolio', 'governance', 'blockchain-capital-portfolio', 'defiance-capital-portfolio', 'alameda-research-portfolio', 'a16z-portfolio', 'pantera-capital-portfolio', 'parafi-capital', 'paradigm-portfolio', 'arbitrum-ecosytem', 'injective-ecosystem', 'optimism-ecosystem']",1000000000.0,762209326.5354977,1000000000.0,"{'id': 1027, 'name': 'Ethereum', 'symbol': 'ETH', 'slug': 'ethereum', 'token_address': '0x1f9840a85d5af5bf1d1762f925bdaddc4201f984'}",18,,,1.37413032,2023-01-17T08:27:00.000Z,6.5642238069163925,100.1679310463199,-21.32,-0.01222804,1.0393533,13.50284278,22.3620243,10.80938902,2.44583336,5.0033126070980245,0.5054,6564223806.92,3641075771.9178,2023-01-17T08:27:00.000Z,False,0.12668030128496333,1.279595910984573,0.09900023921418315,0.9155609167671894,747,2020-12-31,2023-01-17,0.6253582585887824,1.1111908082120703,1.7768867572319968,1.0
ATOM,ATOMUSDT,ATOM,3794,Cosmos,cosmos,387,2019-03-14T00:00:00.000Z,"['platform', 'cosmos-ecosystem', 'content-creation', 'interoperability', 'polychain-capital-portfolio', 'dragonfly-capital-portfolio', 'hashkey-capital-portfolio', '1confirmation-portfolio', 'paradigm-portfolio', 'exnetwork-capital-portfolio', 'injective-ecosystem']",,286370297.0,0.0,,20,,,,2023-01-17T08:27:00.000Z,12.523657152524585,193.9450982082561,5.7561,-0.08090546,-0.06844689,13.66780973,42.17932517,24.30765569,1.81868451,3.5864034182946396,0.3623,0.0,,2023-01-17T08:27:00.000Z,False,0.38317765011601823,1.370408386374757,0.27960836632769487,0.8626609442060086,747,2020-12-31,2023-01-17,0.5909274477086688,1.1245300817651573,1.9029917904905955,1.0
LINK,LINKUSDT,LINK,1975,Chainlink,chainlink,943,2017-09-20T00:00:00.000Z,"['platform', 'defi', 'oracles', 'smart-contracts', 'substrate', 'polkadot', 'polkadot-ecosystem', 'avalanche-ecosystem', 'solana-ecosystem', 'framework-ventures-portfolio', 'polygon-ecosystem', 'fantom-ecosystem', 'cardano-ecosystem', 'web3', 'near-protocol-ecosystem', 'arbitrum-ecosytem', 'cardano', 'injective-ecosystem', 'optimism-ecosystem']",1000000000.0,507999970.4527867,1000000000.0,"{'id': 1027, 'name': 'Ethereum', 'symbol': 'ETH', 'slug': 'ethereum', 'token_address': '0x514910771af9ca656af840dff83e8264ecf986ca'}",21,,,,2023-01-17T08:27:00.000Z,6.735463411515208,337.8533855928727,-21.025,-0.12360155,1.39519341,10.68043348,12.17999704,7.93389125,-3.51751437,3.4216152140355516,0.3456,6735463411.52,,2023-01-17T08:27:00.000Z,False,-0.22048360037405623,1.199085336688898,-0.18387648787607563,0.8952534006772657,747,2020-12-31,2023-01-17,0.7089699543056713,1.1804968420862014,1.6650872648648685,1.0
XMR,XMRUSDT,XMR,328,Monero,monero,202,2014-05-21T00:00:00.000Z,"['mineable', 'pow', 'medium-of-exchange', 'privacy', 'ringct', 'boostvc-portfolio', 'electric-capital-portfolio', 'galaxy-digital-portfolio']",,18228070.59174703,18228070.59174703,,23,,,,2023-01-17T08:27:00.000Z,170.7079121219533,85.76962067349605,-22.1665,-0.53061834,0.59716963,6.97239475,18.5063365,28.22068959,15.89844206,3.1116758727287137,0.3144,3111675872.73,,2023-01-17T08:27:00.000Z,False,0.04456308085807481,1.043357115187527,0.04271124451004995,0.784297520661157,747,2020-12-31,2023-01-17,0.6740881498964634,0.9766446641828476,1.4488382036279015,1.0
ETC,ETCUSDT,ETC,1321,Ethereum Classic,ethereum-classic,369,2016-07-24T00:00:00.000Z,"['mineable', 'pow', 'ethash', 'platform', 'smart-contracts', 'dcg-portfolio']",210700000.0,138926666.78582755,210700000.0,,24,,,,2023-01-17T08:27:00.000Z,22.395287853345874,228.60212801990104,-5.4249,-0.22335102,2.70012016,11.05255336,39.16234596,13.72271913,-2.7616679,3.111302693174473,0.3144,4718687150.7,,2023-01-17T08:27:00.000Z,False,0.9603979580355964,1.3650677913147253,0.7035533063970523,0.8978814319010339,747,2020-12-31,2023-01-17,0.6043158394529777,1.145526404537725,1.8955756737646445,1.0
BCH,BCHUSDT,BCH,1831,Bitcoin Cash,bitcoin-cash,668,2017-07-23T00:00:00.000Z,"['mineable', 'pow', 'sha-256', 'marketplace', 'medium-of-exchange', 'store-of-value', 'enterprise-solutions', 'payments']",21000000.0,19286206.25,19286206.25,,26,,,,2023-01-17T08:27:00.000Z,124.79994378617715,211.74342620964626,-3.3313,-0.19443316,2.02655096,15.48097139,21.62930122,19.86085699,15.72388985,2.4069174558486184,0.2432,2620798819.51,,2023-01-17T08:27:00.000Z,False,-0.3888427797809937,1.1127331179245712,-0.3494483749223254,0.9424882553262983,747,2020-12-31,2023-01-17,0.728771590054121,1.126080285130093,1.5451758829490965,1.0
XLM,XLMUSDT,XLM,512,Stellar,stellar,473,2014-08-05T00:00:00.000Z,"['medium-of-exchange', 'enterprise-solutions', 'decentralized-exchange-dex-token', 'smart-contracts', 'hashkey-capital-portfolio']",50001806812.0,26203117020.45065,50001787494.607185,,27,,,,2023-01-17T08:27:00.000Z,0.08675855605852442,58.36316253102579,-27.9479,0.0952186,-0.92215306,9.31088661,13.74716162,-3.30825393,-22.16149582,2.2733445969268433,0.2297,4338084559.33,,2023-01-17T08:27:00.000Z,False,-0.17166635736693459,1.1395935419934413,-0.15063823287963365,0.9033553392772069,747,2020-12-31,2023-01-17,0.6677027089535026,1.0566229143568528,1.5824751048455517,1.0
NEAR,NEARUSDT,NEAR,6535,NEAR Protocol,near-protocol,215,2020-08-11T00:00:00.000Z,"['platform', 'staking', 'coinbase-ventures-portfolio', 'three-arrows-capital-portfolio', 'arrington-xrp-capital-portfolio', 'coinfund-portfolio', 'electric-capital-portfolio', 'fabric-ventures-portfolio', 'kenetic-capital-portfolio', 'near-protocol-ecosystem', 'injective-ecosystem']",1000000000.0,851925273.0,1000000000.0,,29,,,,2023-01-17T08:27:00.000Z,2.224976586692377,198.15101204564397,-19.0257,0.09636003,1.73012837,35.99626519,61.53566181,21.83398486,-22.80862372,1.8955137860365117,0.1915,2224976586.69,,2023-01-17T08:27:00.000Z,False,0.25962110036478947,1.4638690368184484,0.17735268240186716,0.9377724930638129,747,2020-12-31,2023-01-17,0.5510330094833977,1.1201256641706532,2.0327741621518984,1.0
APE,APEUSDT,APE,18876,ApeCoin,apecoin-ape,234,2022-03-17T12:26:36.000Z,"['collectibles-nfts', 'content-creation', 'gaming', 'entertainment', 'dao', 'governance', 'metaverse', 'animoca-brands-portfolio']",1000000000.0,361250000.0,1000000000.0,"{'id': 1027, 'name': 'Ethereum', 'symbol': 'ETH', 'slug': 'ethereum', 'token_address': '0x4d224452801aced8b2f0aebe155379bb5d594381'}",31,368593750.0,1841392568.423644,,2023-01-17T08:27:00.000Z,4.995723797334176,188.0788492940332,-17.6003,-0.33519326,-0.38562254,2.75878701,44.4167357,70.97333868,15.11797813,1.8047052217869712,0.1823,4995723797.33,,2023-01-17T08:27:00.000Z,False,-0.47039839130301864,1.5853342712453697,-0.29671874243499075,0.8786002328445847,306,2022-03-17,2023-01-17,0.5966275132121349,1.1062492261120085,2.201444571821469,1.0
LDO,LDOUSDT,LDO,8000,Lido DAO,lido-dao,137,2020-12-15T00:00:00.000Z,"['defi', 'dao', 'three-arrows-capital-portfolio', 'paradigm-portfolio', 'liquid-staking-derivatives', 'optimism-ecosystem']",1000000000.0,823970808.8,1000000000.0,"{'id': 1027, 'name': 'Ethereum', 'symbol': 'ETH', 'slug': 'ethereum', 'token_address': '0x5a98fcbea516cf06857215779fd812ca3bef1b32'}",32,833694501.6132064,1745448804.9267612,0.22313879,2023-01-17T08:27:00.000Z,2.093631182104838,87.43852240610258,-56.4519,-1.18859141,-1.93559709,6.16928,112.77458981,64.9860574,45.80309579,1.7250909784478234,0.1743,2093631182.1,7731022496.24756,2023-01-17T08:27:00.000Z,False,0.06703366570001457,1.6458040055556817,0.04073004165364249,0.7745146839223493,253,2022-05-09,2023-01-17,0.629444041646166,1.2183517361480698,2.2854147292648883,1.0
FIL,FILUSDT,FIL,2280,Filecoin,filecoin,270,2017-12-13T00:00:00.000Z,"['mineable', 'distributed-computing', 'filesharing', 'storage', 'polychain-capital-portfolio', 'blockchain-capital-portfolio', 'boostvc-portfolio', 'dcg-portfolio', 'hashkey-capital-portfolio', 'a16z-portfolio', 'winklevoss-capital-portfolio', 'pantera-capital-portfolio', 'web3']",,359805544.0,359805544.0,,33,,,,2023-01-17T08:27:00.000Z,4.748325998289072,214.6327592812629,-47.22,0.86712325,3.52162841,27.30134967,51.47961064,9.26324397,-5.93921287,1.7084740189037428,0.1726,1708474018.9,,2023-01-17T08:27:00.000Z,False,-0.5491968511697205,1.3165078085630628,-0.41716186383213016,0.985250629271554,747,2020-12-31,2023-01-17,0.5883363685278172,1.0755634658893574,1.8281437684716293,1.0
QNT,QNTUSDT,QNT,3155,Quant,quant,135,2018-08-10T00:00:00.000Z,"['platform', 'interoperability']",14612493.0,12072738.0,14612493.080826,"{'id': 1027, 'name': 'Ethereum', 'symbol': 'ETH', 'slug': 'ethereum', 'token_address': '0x4a220e6096b25eadb88358cb44068a3248254675'}",34,,,,2023-01-17T08:27:00.000Z,139.92340256684415,55.667842269115724,23.3046,0.10800709,2.0714295,17.85049298,28.16258448,16.33905121,-26.98960944,1.6892585792580368,0.1707,2044629740.54,,2023-01-17T08:27:00.000Z,False,0.03069774085134802,1.1544790134737026,0.02659012463031427,0.8875664725246898,537,2021-07-29,2023-01-17,0.47129209137556055,0.6686766351917933,1.6031455344095848,1.0
ALGO,ALGOUSDT,ALGO,4030,Algorand,algorand,276,2019-06-20T00:00:00.000Z,"['pos', 'platform', 'research', 'smart-contracts', 'arrington-xrp-capital-portfolio', 'kenetic-capital-portfolio', 'usv-portfolio', 'multicoin-capital-portfolio', 'exnetwork-capital-portfolio']",10000000000.0,7196933003.332661,7419131162.622205,,35,,,,2023-01-17T08:27:00.000Z,0.23362649354827944,71.4462039602299,-38.1679,0.0326697,0.28472822,15.3562114,22.55531903,-13.87417803,-25.33983339,1.6813942218704971,0.1699,2336264935.48,,2023-01-17T08:27:00.000Z,False,-0.16205635055735101,1.2309708211244779,-0.13164922171698137,0.9307359307359307,747,2020-12-31,2023-01-17,0.6307472244998262,1.078176877563299,1.7093644421793184,1.0
VET,VETUSDT,VET,3077,VeChain,vechain,212,2017-08-22T00:00:00.000Z,"['logistics', 'data-provenance', 'iot', 'smart-contracts', 'fenbushi-capital-portfolio']",86712634466.0,72511146418.0,85985041177.0,,36,72511146418.0,1544778880.1164134,,2023-01-17T08:27:00.000Z,0.021304019539442023,51.17670369279518,-11.6326,0.36295074,1.10269478,21.59966706,27.40208753,11.12145318,-5.33532961,1.5447788801164133,0.1561,1847327658.98,,2023-01-17T08:27:00.000Z,False,0.06442082301042973,1.2676121644996554,0.050820609658520866,0.938299627745035,747,2020-12-31,2023-01-17,0.6949747923705747,1.2233264270050292,1.7602457534211204,1.0
ICP,ICPUSDT,ICP,8916,Internet Computer,internet-computer,138,2021-03-23T00:00:00.000Z,"['platform', 'distributed-computing', 'smart-contracts', 'polychain-capital-portfolio', 'metaverse', 'electric-capital-portfolio', 'hashkey-capital-portfolio', 'a16z-portfolio', 'multicoin-capital-portfolio', 'exnetwork-capital-portfolio', 'web3', 'internet-computer-ecosystem']",,283872934.4245137,494097861.8289303,,37,283872934.4245137,1450936543.7593431,,2023-01-17T08:27:00.000Z,5.111218322735766,36.85703881377704,-23.7342,-0.26427507,1.47760916,19.51434794,39.41756741,33.85359756,5.18815638,1.4509365437593431,0.1466,2525442044.6,,2023-01-17T08:27:00.000Z,False,-0.9201138920135996,1.327148804755217,-0.6933012249393602,0.9903931210681025,616,2021-05-11,2023-01-17,0.671158066888263,1.1770278425178677,1.8429201873826928,1.0
HBAR,HBARUSDT,HBAR,4642,Hedera,hedera,122,2019-09-17T00:00:00.000Z,"['dag', 'marketplace', 'enterprise-solutions', 'payments', 'dcg-portfolio']",50000000000.0,25212550326.682354,50000000000.0,,38,,,,2023-01-17T08:27:00.000Z,0.053413076819679,30.63486671177542,-22.0734,-0.47871508,1.56402447,21.55997435,21.85008834,10.26340217,-11.52259326,1.3466798874191075,0.136,2670653840.98,,2023-01-17T08:27:00.000Z,False,0.28862273217277123,1.3138946440992831,0.21966961618192102,0.9277227722772278,747,2020-12-31,2023-01-17,0.5793780766616786,1.0570840186928372,1.8245150468648292,1.0
MANA,MANAUSDT,MANA,1966,Decentraland,decentraland,331,2017-09-17T00:00:00.000Z,"['platform', 'collectibles-nfts', 'gaming', 'payments', 'metaverse', 'boostvc-portfolio', 'dcg-portfolio', 'fabric-ventures-portfolio', 'kenetic-capital-portfolio', 'polygon-ecosystem', 'play-to-earn']",,1855084191.7804768,2193539027.320146,"{'id': 1027, 'name': 'Ethereum', 'symbol': 'ETH', 'slug': 'ethereum', 'token_address': '0x0f5d2fb29fb7d3cfee444a200298f468908cc942'}",39,,,,2023-01-17T08:27:00.000Z,0.7207355493912888,765.6031372251158,-23.4807,-0.23695235,5.7377106,78.68962315,117.6711894,72.55089484,16.70185242,1.337025124129997,0.1351,1580961555.97,,2023-01-17T08:27:00.000Z,False,1.97264191502771,1.8746301706912252,1.0522832427797453,0.9436182917902685,747,2020-12-31,2023-01-17,0.4529232663325222,1.1790362016691773,2.603169872937297,1.0
AAVE,AAVEUSDT,AAVE,7278,Aave,aave,486,2020-10-02T00:00:00.000Z,"['defi', 'dao', 'yield-farming', 'three-arrows-capital-portfolio', 'governance', 'lending-borowing', 'blockchain-capital-portfolio', 'defiance-capital-portfolio', 'framework-ventures-portfolio', 'alameda-research-portfolio', 'pantera-capital-portfolio', 'parafi-capital', 'polygon-ecosystem', 'fantom-ecosystem', 'optimism-ecosystem']",16000000.0,14093192.58056459,16000000.0,"{'id': 1027, 'name': 'Ethereum', 'symbol': 'ETH', 'slug': 'ethereum', 'token_address': '0x7Fc66500c84A76Ad7e9c93437bFc5Ac33E2DDaE9'}",40,,,0.25366426,2023-01-17T08:27:00.000Z,81.71940002059615,116.63220968278024,-35.9542,-0.44814775,3.67458015,33.70640186,47.30288562,37.66502609,-0.41332404,1.1516872420584554,0.1163,1307510400.33,4540203045.58903,2023-01-17T08:27:00.000Z,False,-0.03705544482085965,1.3049343045232593,-0.02839640638798087,0.9211133200795228,747,2020-12-31,2023-01-17,0.6365687688471733,1.1535087222590013,1.8120724401041644,1.0
EOS,EOSUSDT,EOS,1765,EOS,eos,505,2017-07-01T00:00:00.000Z,"['medium-of-exchange', 'enterprise-solutions', 'smart-contracts', 'eos', 'fenbushi-capital-portfolio', 'galaxy-digital-portfolio']",,1080062940.3872,1080062940.3872,,41,1080062940.3872,1124401971.6286232,,2023-01-17T08:27:00.000Z,1.0410522661073138,104.0233206545177,-13.039,-0.3925722,0.8675952,10.061489,17.57122348,14.71145043,0.54187768,1.1244019716286233,0.1136,1124401971.63,,2023-01-17T08:27:00.000Z,False,-0.3598441235131896,1.2459584852393566,-0.2888090797375655,0.9432366151387397,747,2020-12-31,2023-01-17,0.6741291578354703,1.1663626153519495,1.7301767796203453,1.0
FLOW,FLOWUSDT,FLOW,4558,Flow,flow,114,2021-01-27T00:00:00.000Z,"['collectibles-nfts', 'coinbase-ventures-portfolio', 'coinfund-portfolio', 'dcg-portfolio', 'ledgerprime-portfolio', 'a16z-portfolio', 'animoca-brands-portfolio']",,1036200000.0,1410062299.0,,42,,,,2023-01-17T08:27:00.000Z,1.0566520014806926,70.01511800734555,-45.7449,0.49059052,0.56393916,35.11054939,37.6497155,-12.75150963,-27.94633433,1.0949028039342938,0.1106,1489945150.45,,2023-01-17T08:27:00.000Z,False,-0.8801647146070704,1.106338260605722,-0.7955656474586523,0.9763491488591091,536,2021-07-30,2023-01-17,0.6907819211422007,0.9377130057771152,1.5362957847972445,1.0
SAND,SANDUSDT,SAND,6210,The Sandbox,the-sandbox,322,2020-08-05T00:00:00.000Z,"['collectibles-nfts', 'content-creation', 'gaming', 'ethereum-ecosystem', 'binance-launchpad', 'metaverse', 'play-to-earn', 'animoca-brands-portfolio']",3000000000.0,1499470108.2233226,3000000000.0,"{'id': 1027, 'name': 'Ethereum', 'symbol': 'ETH', 'slug': 'ethereum', 'token_address': '0x3845badAde8e6dFF049820680d1F14bD3903a5d0'}",43,,,,2023-01-17T08:27:00.000Z,0.7293778155562001,415.0311984039604,-24.5723,0.7485944,5.36681413,39.59705511,53.54144433,25.29898362,-3.43299412,1.093680232027746,0.1105,2188133446.67,,2023-01-17T08:27:00.000Z,False,3.3836231798689047,1.8014420806238405,1.87828585568355,0.9490257666098807,747,2020-12-31,2023-01-17,0.4316431660872826,1.0797720458634388,2.501538610355522,1.0
LUNC,LUNCUSDT,LUNC,4172,Terra Classic,terra-luna,387,2019-07-26T00:00:00.000Z,"['cosmos-ecosystem', 'store-of-value', 'defi', 'payments', 'coinbase-ventures-portfolio', 'binance-labs-portfolio', 'solana-ecosystem', 'arrington-xrp-capital-portfolio', 'hashkey-capital-portfolio', 'kenetic-capital-portfolio', 'huobi-capital-portfolio', 'pantera-capital-portfolio', 'terra-ecosystem', 'injective-ecosystem']",,5981960294079.988,6871553498582.159,,45,5981962874734.767,1060323794.3257278,,2023-01-17T08:27:00.000Z,0.00017725348962028476,161.51497771373937,-40.2835,-0.04298105,0.07816482,6.29587522,24.4175925,-2.35899833,-28.15694706,1.0603233368956628,0.1071,1218006836.74,,2023-01-17T08:27:00.000Z,False,-0.9165261398585337,1.585116136629765,-0.5782075638995318,0.7040175912776581,130,2022-09-09,2023-01-17,0.23539714725798064,0.37176602924005303,2.2011416632966485,1.0
APT,APTUSDT,APT,21794,Aptos,aptos,143,2022-10-19T01:50:25.000Z,['aptos-ecosystem'],0.0,130000000.0,1000000000.0,"{'id': 21794, 'name': 'Aptos', 'symbol': 'APT', 'slug': 'aptos', 'token_address': '0x1::aptos_coin::AptosCoin'}",46,130000000.0,1048115349.4716353,,2023-01-17T08:27:00.000Z,8.062425765166426,611.3130455584588,-33.933,0.30970592,2.19280557,49.72904914,99.42347311,71.03730751,8.09325575,1.0481153494716353,0.1059,8062425765.17,,2023-01-17T08:27:00.000Z,False,0.4995907712860763,1.5417375628944083,0.3240439769451817,0.6719010376731585,90,2022-10-19,2023-01-17,0.6929450915728712,1.1163897055511818,2.1409048240286497,1.0
EGLD,EGLDUSDT,EGLD,6892,MultiversX,elrond-egld,134,2020-09-04T00:00:00.000Z,"['binance-launchpad', 'binance-labs-portfolio', 'electric-capital-portfolio', 'exnetwork-capital-portfolio', 'elrond-ecosystem', 'injective-ecosystem', 'bnb-chain']",31415926.0,24184559.18984154,23016298.0,,47,,,,2023-01-17T08:27:00.000Z,40.42555543812318,23.71949124793968,-21.1341,0.02679527,-0.69759277,15.44900742,3.86822607,-6.67859633,-28.82037734,0.9776742382755107,0.0988,1270006258.15,,2023-01-17T08:27:00.000Z,False,0.27384041878214194,1.2059203785000687,0.2270800159482721,0.9331961954418624,747,2020-12-31,2023-01-17,0.5474528040043745,0.9167527593585924,1.6745786169199475,1.0
XTZ,XTZUSDT,XTZ,2011,Tezos,tezos,259,2017-10-06T00:00:00.000Z,"['pos', 'platform', 'enterprise-solutions', 'collectibles-nfts', 'defi', 'smart-contracts', 'polychain-capital-portfolio', 'boostvc-portfolio', 'winklevoss-capital-portfolio']",,923609605.811681,945034105.829458,,48,,,,2023-01-17T08:27:00.000Z,1.027214807599306,22.43893689733173,-53.6079,-0.32578831,1.19278728,22.05426735,22.2495322,4.80751791,-24.76438147,0.9487454635307168,0.0959,970753027.19,,2023-01-17T08:27:00.000Z,False,-0.27949301856348974,1.2321100971524157,-0.22684094482257589,0.9178050740443118,747,2020-12-31,2023-01-17,0.6435942438733945,1.1011553037699346,1.7109464763742512,1.0
THETA,THETAUSDT,THETA,2416,Theta Network,theta-network,135,2018-01-17T00:00:00.000Z,"['media', 'collectibles-nfts', 'content-creation', 'defi', 'video', 'metaverse', 'huobi-capital-portfolio', 'web3']",1000000000.0,1000000000.0,1000000000.0,,49,,,,2023-01-17T08:27:00.000Z,0.9273344637368556,30.80465033205742,-13.9246,-0.03817076,1.07289394,14.74993228,23.798414,3.13774564,-6.37959478,0.9273344637368556,0.0937,927334463.74,,2023-01-17T08:27:00.000Z,False,-0.2888367087132756,1.26654688322924,-0.2280505463618099,0.9490846146099692,747,2020-12-31,2023-01-17,0.6719169041412189,1.1817449220680951,1.7587664706523354,1.0
CHZ,CHZUSDT,CHZ,4066,Chiliz,chiliz,311,2019-07-01T00:00:00.000Z,"['sports', 'collectibles-nfts', 'content-creation', 'payments']",8888888888.0,6649111577.1075735,8888888888.0,"{'id': 1027, 'name': 'Ethereum', 'symbol': 'ETH', 'slug': 'ethereum', 'token_address': '0x3506424f91fd33084466f402d5d97f05f8e3b4af'}",50,,,,2023-01-17T08:27:00.000Z,0.1363567891593204,105.85138376160918,-27.3739,0.12446793,-0.25945146,11.12028895,15.86106826,-42.95326913,-23.01460582,0.9066515054164537,0.0916,1212060347.96,,2023-01-17T08:27:00.000Z,False,1.4801611273324657,1.7185708326681173,0.8612744375711792,0.887012987012987,747,2020-12-31,2023-01-17,0.4613140909273783,1.1009080927364392,2.3864610129798702,1.0
AXS,AXSUSDT,AXS,6783,Axie Infinity,axie-infinity,287,2020-08-31T00:00:00.000Z,"['collectibles-nfts', 'gaming', 'binance-launchpad', 'metaverse', 'defiance-capital-portfolio', 'play-to-earn', 'animoca-brands-portfolio']",270000000.0,100805779.00051607,270000000.0,"{'id': 1027, 'name': 'Ethereum', 'symbol': 'ETH', 'slug': 'ethereum', 'token_address': '0xbb0e17ef65f82ab018d8edd776e8dd940327b28b'}",51,,,,2023-01-17T08:27:00.000Z,8.984264879759634,103.97453205777592,-33.0711,0.15818726,0.00794456,21.15457011,31.30309196,25.18746217,-14.43702658,0.9056658199511477,0.0915,2425751517.54,,2023-01-17T08:27:00.000Z,False,2.963723707674859,1.7552721213421596,1.688469651878629,0.9627135553061479,747,2020-12-31,2023-01-17,0.531201685507175,1.2947645690274459,2.4374255661317124,1.0
FTM,FTMUSDT,FTM,3513,Fantom,fantom,409,2018-10-29T00:00:00.000Z,"['platform', 'enterprise-solutions', 'defi', 'research', 'scaling', 'smart-contracts', 'fantom-ecosystem', 'injective-ecosystem']",3175000000.0,2768858506.825645,3175000000.0,,52,,,,2023-01-17T08:27:00.000Z,0.3224317145153835,160.58637151183177,-27.36,-0.08857478,1.23152047,35.6360379,56.20253876,79.71988762,57.9642789,0.8927677956062974,0.0902,1023720693.59,,2023-01-17T08:27:00.000Z,False,3.231280670739644,1.8146163421088664,1.780696335504393,0.9489000362625408,747,2020-12-31,2023-01-17,0.5595121988874855,1.409877190977714,2.5198328003948163,1.0
TUSD,TUSDUSDT,TUSD,2563,TrueUSD,trueusd,324,2018-03-06T00:00:00.000Z,"['store-of-value', 'stablecoin', 'asset-backed-stablecoin', 'avalanche-ecosystem', 'arbitrum-ecosytem', 'bnb-chain', 'usd-stablecoin']",,845980780.6873717,845980780.6873717,"{'id': 1027, 'name': 'Ethereum', 'symbol': 'ETH', 'slug': 'ethereum', 'token_address': '0x0000000000085d4780B73119b644AE5ecd22b376'}",55,,,,2023-01-17T08:27:00.000Z,0.9999943068834297,37.1591361629568,-8.0321,0.00874442,0.09018494,0.02104243,0.01806608,-0.04314531,0.026171,0.845975964420171,0.0855,845975964.42,,2023-01-17T08:27:00.000Z,False,0.000749265115881359,0.008412119415607456,0.08906971939689864,0.005274156632500637,634,2020-12-31,2022-09-26,-0.09963552973971672,-0.0010721110826629407,0.010760329025837213,0.008412119415607456
FTT,FTTUSDT,FTT,4195,FTX Token,ftx-token,168,2019-07-31T00:00:00.000Z,"['marketplace', 'centralized-exchange', 'derivatives', 'cms-holdings-portfolio', 'kenetic-capital-portfolio', 'alameda-research-portfolio', 'pantera-capital-portfolio', 'exnetwork-capital-portfolio']",352170015.0,328895112.304385,328895112.304385,"{'id': 1839, 'name': 'BNB', 'symbol': 'BNB', 'slug': 'bnb', 'token_address': 'FTT-F11'}",208,,,,2023-01-17T08:27:00.000Z,2.3076506325589707,115.86712571269369,-21.0319,1.62302055,2.09963106,83.43962446,115.73213748,48.24576585,-89.87847125,0.7589750139547679,0.0,812685357.88,,2023-01-17T08:27:00.000Z,False,-0.5266872503185493,1.3376914264955866,-0.3937285085980829,0.9820007540530351,683,2021-01-01,2022-11-15,0.6907450771343716,1.2283773986708701,1.7773022690124374,1.0
GRT,GRTUSDT,GRT,6719,The Graph,the-graph,256,2020-12-17T00:00:00.000Z,"['ai-big-data', 'enterprise-solutions', 'defi', 'coinbase-ventures-portfolio', 'solana-ecosystem', 'analytics', 'coinfund-portfolio', 'dcg-portfolio', 'fabric-ventures-portfolio', 'framework-ventures-portfolio', 'ledgerprime-portfolio', 'multicoin-capital-portfolio', 'parafi-capital', 'polygon-ecosystem', 'fantom-ecosystem', 'web3', 'near-protocol-ecosystem', 'arbitrum-ecosytem', 'spartan-group', 'injective-ecosystem']",10556361679.0,8736634326.808664,10562505581.735123,"{'id': 1027, 'name': 'Ethereum', 'symbol': 'ETH', 'slug': 'ethereum', 'token_address': '0xc944e90c64b2c07662a292be6244bdf05cda44a7'}",58,,,,2023-01-17T08:27:00.000Z,0.08311374759755087,37.762410721569395,-53.889,0.79646772,-0.82123549,17.1876709,43.84068677,36.54827111,2.80832767,0.726134420290474,0.0734,877378780.14,,2023-01-17T08:27:00.000Z,False,-0.5050133454488601,1.4316326160830293,-0.3527534506936459,0.9768957092031377,747,2020-12-31,2023-01-17,0.6291795995063613,1.250815124056453,1.9880096637554867,1.0
ZEC,ZECUSDT,ZEC,1437,Zcash,zcash,279,2016-10-29T00:00:00.000Z,"['mineable', 'pow', 'equihash', 'medium-of-exchange', 'privacy', 'zero-knowledge-proofs', 'binance-chain', 'boostvc-portfolio', 'dcg-portfolio', 'electric-capital-portfolio', 'fenbushi-capital-portfolio', 'hashkey-capital-portfolio', 'winklevoss-capital-portfolio', 'placeholder-ventures-portfolio', 'pantera-capital-portfolio', 'bnb-chain']",21000000.0,16156481.25,16156481.25,,60,,,,2023-01-17T08:27:00.000Z,43.23614668293179,86.60059374759877,3.2117,0.26369313,-0.84521465,0.5684765,0.23866032,10.27888634,-16.67042416,0.6985439932050371,0.0706,907959080.34,,2023-01-17T08:27:00.000Z,False,-0.1732323299388634,1.2186725523195043,-0.1421483807189631,0.8900034373925815,747,2020-12-31,2023-01-17,0.6714763738240643,1.1363305252866873,1.6922866828735523,1.0
BTT,BTTUSDT,BTT,16086,BitTorrent-New,bittorrent-new,94,2019-01-31T00:00:00.000Z,"['platform', 'distributed-computing', 'filesharing', 'interoperability', 'staking', 'tron-ecosystem', 'storage', 'binance-launchpad', 'binance-labs-portfolio', 'web3', 'bnb-chain']",,951421714286000.0,990000000000000.0,"{'id': 1958, 'name': 'TRON', 'symbol': 'TRX', 'slug': 'tron', 'token_address': 'TAFjULxiVgT4qWk6UZwjqwZXTSaGaqnVp4'}",61,,,,2023-01-17T08:27:00.000Z,7.28794540516682e-07,12.58963121616382,-11.0698,0.01705965,0.30302295,12.51603803,14.81456847,8.04262899,-4.98168254,0.6933909511006593,0.07,721506595.11,,2023-01-17T08:27:00.000Z,False,7.7173534418577745,1.89618963413354,4.069927027833481,0.8104200896372704,382,2020-12-31,2022-01-17,0.47613619028501364,0.8981991964514462,1.886433366709191,1.0
MKR,MKRUSDT,MKR,1518,Maker,maker,303,2017-01-29T00:00:00.000Z,"['store-of-value', 'defi', 'dao', 'polychain-capital-portfolio', 'governance', 'lending-borowing', 'dragonfly-capital-portfolio', 'electric-capital-portfolio', 'a16z-portfolio', '1confirmation-portfolio', 'placeholder-ventures-portfolio', 'pantera-capital-portfolio', 'paradigm-portfolio', 'near-protocol-ecosystem', 'arbitrum-ecosytem', 'spartan-group', 'bnb-chain']",1005577.0,977631.03695089,977631.03695089,"{'id': 1027, 'name': 'Ethereum', 'symbol': 'ETH', 'slug': 'ethereum', 'token_address': '0x9f8f72aa9304c8b593d555f12ef6589cc3a579a2'}",62,,,0.09667882,2023-01-17T08:27:00.000Z,692.9112773986541,30.14835071345912,-21.3119,0.37447113,-0.91219606,11.02527299,23.85226447,6.36922195,-38.63965177,0.677411570638212,0.0684,696775643.59,7006824883.58516,2023-01-17T08:27:00.000Z,False,0.0871722630910734,1.263885207990764,0.0689716617774598,0.9155759807814153,747,2020-12-31,2023-01-17,0.5954791664782264,1.0451078502515372,1.7550703854720857,1.0
FXS,FXSUSDT,FXS,6953,Frax Share,frax-share,128,2020-09-08T00:00:00.000Z,"['defi', 'seigniorage', 'avalanche-ecosystem', 'exnetwork-capital-portfolio', 'olympus-pro-ecosystem', 'arbitrum-ecosytem', 'liquid-staking-derivatives']",,72952560.74251656,99822984.1145714,"{'id': 1027, 'name': 'Ethereum', 'symbol': 'ETH', 'slug': 'ethereum', 'token_address': '0x3432b6a60d23ca0dfca7761b7ab56459d9c964d0'}",63,,,,2023-01-17T08:27:00.000Z,9.067592139655906,60.08997547946226,-43.75,-0.68009027,1.97741617,63.70131475,75.46411383,102.729372,35.64359347,0.6615040663566132,0.0668,905154106.11,,2023-01-17T08:27:00.000Z,False,-0.502663666535506,1.4187363256511074,-0.3543037965880067,0.9039045553145336,403,2021-12-10,2023-01-17,0.4161454558206462,0.7109862411152345,1.9701014729827684,1.0
TWT,TWTUSDT,TWT,5964,Trust Wallet Token,trust-wallet-token,121,2020-07-30T00:00:00.000Z,"['wallet', 'polygon-ecosystem', 'bnb-chain']",1000000000.0,416649900.0,999668148.0,"{'id': 1839, 'name': 'BNB', 'symbol': 'BNB', 'slug': 'bnb', 'token_address': '0x4b0f1812e5df2a09796481ff14017e6005508003'}",64,416649900.0,640455129.6222291,,2023-01-17T08:27:00.000Z,1.5371541661769967,42.68703235961973,-27.538,-0.11656501,-1.25982924,5.61441903,-10.55113005,-31.86118112,40.97477472,0.6404551296222291,0.0647,1537154166.18,,2023-01-17T08:27:00.000Z,False,0.906611498822153,1.3711262016980406,0.661216668239131,0.7553378315925686,720,2021-01-27,2023-01-17,0.5336321987025089,0.9953751262172332,1.903988571217332,1.0
CAKE,CAKEUSDT,CAKE,7186,PancakeSwap,pancakeswap,760,2020-09-25T00:00:00.000Z,"['collectibles-nfts', 'decentralized-exchange-dex-token', 'defi', 'smart-contracts', 'yield-farming', 'amm', 'binance-smart-chain', 'dex', 'governance']",750000000.0,163744759.0819249,360207637.78064364,"{'id': 1839, 'name': 'BNB', 'symbol': 'BNB', 'slug': 'bnb', 'token_address': '0x0e09fabb73bd3ade0a17ecc321fd13a19e81ce82'}",65,,,0.25511561,2023-01-17T08:27:00.000Z,3.731320223612823,42.03341331477074,17.3727,0.58447049,0.35508308,9.75276286,9.23963086,-1.72951372,-14.61663836,0.6109841310729958,0.0617,2798490167.71,2394930373.24736,2023-01-17T08:27:00.000Z,False,-0.5722991362593156,1.2128009219637026,-0.4718821744731851,0.9374868202160314,697,2021-02-19,2023-01-17,0.6939020050728788,1.1165869325492601,1.6841331539875801,1.0
IOTA,IOTAUSDT,IOTA,1720,IOTA,iota,85,2017-06-13T00:00:00.000Z,"['dag', 'medium-of-exchange', 'iot', 'sharing-economy']",2779530283.0,2779530283.0,2779530283.0,,67,,,,2023-01-17T08:27:00.000Z,0.21279875946339682,12.61718730797373,-26.9352,-0.11334112,0.79227962,13.41010745,24.71689826,-2.54113461,-13.80389221,0.5914805961133444,0.0598,591480596.11,,2023-01-17T08:27:00.000Z,False,-0.14869984717821183,1.2155243036027723,-0.12233391528040254,0.936229573535273,747,2020-12-31,2023-01-17,0.6682501997140792,1.127949486799899,1.6879149265986135,1.0
KLAY,KLAYUSDT,KLAY,4256,Klaytn,klaytn,141,2020-03-30T00:00:00.000Z,"['platform', 'enterprise-solutions', 'injective-ecosystem']",,3081731623.7351265,11000319674.935177,,68,,,,2023-01-17T08:27:00.000Z,0.18964345341268185,36.488554134142476,-4.6932,0.04350143,0.34057645,9.31627616,20.23395843,12.26011208,34.48948918,0.5844302276162008,0.059,2086138611.8,,2023-01-17T08:27:00.000Z,False,-0.6576864441641109,0.9883285606721666,-0.6654532412954003,0.9311081024786503,572,2021-06-24,2023-01-17,0.6408768809665225,0.7814533057004449,1.3724238380077987,0.9883285606721666
XEC,XECUSDT,XEC,10791,eCash,ecash,57,2021-07-08T00:00:00.000Z,[],21000000000000.0,19282110923303.0,19282110923303.0,,69,19282110923303.0,576072604.9286706,,2023-01-17T08:27:00.000Z,2.9876013431313163e-05,9.86600788227744,-27.1679,-0.00190691,1.38871863,17.31768489,19.08984385,4.10833021,-17.78550183,0.5760726049286706,0.0582,627396282.06,,2023-01-17T08:27:00.000Z,False,-0.8227346731991594,1.0252708301550375,-0.802455945298618,0.9346891834634707,501,2021-09-03,2023-01-17,0.6052523845540506,0.7639520280915614,1.4237230246203139,1.0
RUNE,RUNEUSDT,RUNE,4157,THORChain,thorchain,130,2019-07-23T00:00:00.000Z,"['cosmos-ecosystem', 'decentralized-exchange-dex-token', 'defi', 'dex', 'multicoin-capital-portfolio', 'exnetwork-capital-portfolio', 'injective-ecosystem']",500000000.0,327056566.0,498910727.0,"{'id': 1839, 'name': 'BNB', 'symbol': 'BNB', 'slug': 'bnb', 'token_address': 'RUNE-B1A'}",70,326362945.0,569837980.253244,4.49829839,2023-01-17T08:27:00.000Z,1.7460253652670161,66.85252975590112,-1.0421,0.15686511,0.73178379,21.45598372,33.56292558,45.75937364,19.42127505,0.571049060113126,0.0577,873012682.63,126947794.66977,2023-01-17T08:27:00.000Z,False,0.21745975787697214,1.6132390472230704,0.13479698390098718,0.9492500614703713,747,2020-12-31,2023-01-17,0.6598359201713769,1.4781604781433957,2.2401940133230065,1.0
DASH,DASHUSDT,DASH,131,Dash,dash,364,2014-02-14T00:00:00.000Z,"['mineable', 'hybrid-pow-pos', 'x11', 'medium-of-exchange', 'privacy', 'masternodes', 'dao', 'governance']",18900000.0,11098548.34973105,11098548.34973105,,71,,,,2023-01-17T08:27:00.000Z,49.41445319529716,94.29526165818547,-5.6403,-0.39791958,-1.50572547,2.10067083,15.56328452,46.11228001,22.8717245,0.5484286979635276,0.0554,933933165.39,,2023-01-17T08:27:00.000Z,False,-0.28866109404940454,1.2043803713588122,-0.23967602006310504,0.927422084809641,747,2020-12-31,2023-01-17,0.6543148525040956,1.0943024071768808,1.6724401150133317,1.0
SNX,SNXUSDT,SNX,2586,Synthetix,synthetix,346,2018-03-14T00:00:00.000Z,"['services', 'decentralized-exchange-dex-token', 'defi', 'derivatives', 'dao', 'yield-farming', 'coinbase-ventures-portfolio', 'three-arrows-capital-portfolio', 'governance', 'synthetics', 'defiance-capital-portfolio', 'framework-ventures-portfolio', 'alameda-research-portfolio', 'parafi-capital', 'paradigm-portfolio', 'fantom-ecosystem', 'spartan-group', 'bnb-chain', 'optimism-ecosystem']",308069419.0,249717506.12037724,311981917.0887736,"{'id': 1027, 'name': 'Ethereum', 'symbol': 'ETH', 'slug': 'ethereum', 'token_address': '0xc011a73ee8576fb46f5e1c5751ca3b9fe0af2a6f'}",72,,,,2023-01-17T08:27:00.000Z,2.179873392601372,36.366569630109105,-39.8247,0.19467029,2.45093911,21.95464323,35.71618504,26.41944052,-5.65557603,0.5443525472585805,0.055,671552329.55,,2023-01-17T08:27:00.000Z,False,-0.4430984170990362,1.4377415755789298,-0.30819058489048384,0.9472578505086245,747,2020-12-31,2023-01-17,0.5976872929070836,1.1932783502125874,1.9964927552811373,1.0
NEO,NEOUSDT,NEO,1376,Neo,neo,257,2016-09-08T00:00:00.000Z,"['platform', 'enterprise-solutions', 'smart-contracts']",100000000.0,70538831.0,100000000.0,,73,,,,2023-01-17T08:27:00.000Z,7.6588219162585265,31.21864523283706,-16.8993,0.34953616,0.2838329,11.37242374,14.39102659,14.7877901,-1.76215877,0.5402443448100563,0.0546,765882191.63,,2023-01-17T08:27:00.000Z,False,-0.26083985772501783,1.1601137437948985,-0.22483989963930023,0.9506490545140642,747,2020-12-31,2023-01-17,0.7225063314294535,1.1639360944829296,1.6109700965251375,1.0
PAXG,PAXGUSDT,PAXG,4705,PAX Gold,pax-gold,102,2019-09-26T00:00:00.000Z,"['bnb-chain', 'tokenized-gold']",,271263.71,271263.71,"{'id': 1027, 'name': 'Ethereum', 'symbol': 'ETH', 'slug': 'ethereum', 'token_address': '0x45804880de22913dafe09f4980848ece6ecbaf78'}",74,271181.0,511607150.16523325,,2023-01-17T08:27:00.000Z,1886.5892159304422,9.05039258133523,-20.8581,0.09914307,-0.29657924,1.18181863,4.70108302,7.39795743,15.26944525,0.5117631899592828,0.0517,511763189.96,,2023-01-17T08:27:00.000Z,False,-0.011438556875674966,0.15342927734906586,-0.07455263475986519,0.21139795421334628,747,2020-12-31,2023-01-17,0.07265297667424427,0.015479201693304915,0.21305667574653342,0.15342927734906586
CRV,CRVUSDT,CRV,6538,Curve DAO Token,curve-dao-token,397,2020-08-14T00:00:00.000Z,"['decentralized-exchange-dex-token', 'defi', 'dao', 'yield-farming', 'amm', 'governance', 'framework-ventures-portfolio', 'alameda-research-portfolio', 'polygon-ecosystem', 'fantom-ecosystem', 'arbitrum-ecosytem', 'optimism-ecosystem']",3303030299.0,531583334.41539234,1820680573.067954,"{'id': 1027, 'name': 'Ethereum', 'symbol': 'ETH', 'slug': 'ethereum', 'token_address': '0xD533a949740bb3306d119CC777fa900bA034cd52'}",75,,,0.11303843,2023-01-17T08:27:00.000Z,0.9136686219926428,146.10217937300212,-2.5494,0.59669693,4.57123722,41.28601701,65.16002169,64.78803835,2.22419854,0.4856910126295657,0.0491,3017875141.69,4296689362.65376,2023-01-17T08:27:00.000Z,False,0.2009142535133015,1.5871338283337406,0.12658935870847904,0.9229825099723842,747,2020-12-31,2023-01-17,0.5778665063010553,1.2735851263113738,2.2039434928728414,1.0
IMX,IMXUSDT,IMX,10603,ImmutableX,immutable-x,118,2021-06-24T00:00:00.000Z,"['collectibles-nfts', 'scaling', 'rollups', 'arrington-xrp-capital-portfolio', 'alameda-research-portfolio']",2000000000.0,766468466.7000241,2000000000.0,"{'id': 1027, 'name': 'Ethereum', 'symbol': 'ETH', 'slug': 'ethereum', 'token_address': '0xf57e7e7c23978c3caec3c3548e3d615c346e79ff'}",76,570354831.0,343196131.05221385,,2023-01-17T08:27:00.000Z,0.6017238960709598,21.06293037351723,3.6675,1.14492787,4.26728149,23.84123751,43.04380619,46.88569326,1.82310124,0.4612023919982732,0.0466,1203447792.14,,2023-01-17T08:27:00.000Z,False,-0.8347728133968852,1.3077153519891673,-0.6383444318575227,0.9083694083694084,372,2022-01-10,2023-01-17,0.6093387314489371,0.9701719175111262,1.8159342892793475,1.0
MINA,MINAUSDT,MINA,8646,Mina,mina,74,2021-03-02T00:00:00.000Z,"['pos', 'zero-knowledge-proofs', 'staking', 'coinbase-ventures-portfolio', 'three-arrows-capital-portfolio', 'polychain-capital-portfolio']",,808848838.8400393,824104972.0,,77,,,,2023-01-17T08:27:00.000Z,0.5590935598201172,20.43678814788961,-9.2836,0.32167726,1.89895364,19.26962578,14.77746548,0.43830692,4.73087033,0.45222217666344583,0.0457,460751782.46,,2023-01-17T08:27:00.000Z,False,-0.7036033484502682,1.1444024417994485,-0.6148216071122047,0.9298473530367002,525,2021-08-10,2023-01-17,0.5942713825721224,0.8340869265835483,1.589152892972879,1.0
ZIL,ZILUSDT,ZIL,2469,Zilliqa,zilliqa,237,2018-01-25T00:00:00.000Z,"['mineable', 'platform', 'payments', 'smart-contracts', 'polychain-capital-portfolio', 'metaverse', 'kenetic-capital-portfolio', 'zilliqa-ecosystem', 'bnb-chain']",21000000000.0,15867699446.7699,17072199779.517805,,78,,,,2023-01-17T08:27:00.000Z,0.02736737149858231,99.43645903300283,-44.2109,-0.19467392,-1.78599174,13.54980196,44.80766402,27.90373825,-8.89851172,0.4342572255876008,0.0439,574714801.47,,2023-01-17T08:27:00.000Z,False,-0.4168765956404912,1.5774987650828753,-0.26426429285894887,0.9330853447182652,747,2020-12-31,2023-01-17,0.5592841506490257,1.225147694745698,2.1905639437913016,1.0
OP,OPUSDT,OP,11840,Optimism,optimism-ethereum,172,2022-05-31T16:19:46.000Z,['optimism-ecosystem'],,234748364.0,4294967296.0,"{'id': 11840, 'name': 'Optimism', 'symbol': 'OP', 'slug': 'optimism-ethereum', 'token_address': '0x4200000000000000000000000000000000000042'}",79,214748364.0,392785951.1339446,,2023-01-17T08:27:00.000Z,1.8290521232280241,199.46865386907794,-17.2618,-0.47361863,4.4173823,45.64794657,94.63037784,103.89266278,157.81145339,0.42936699359850505,0.0434,7855719051.94,,2023-01-17T08:27:00.000Z,False,0.8785905628714867,1.7607396662259365,0.4989894756870587,0.7089262613195343,230,2022-06-01,2023-01-17,0.6497089205707437,1.3241877905607617,2.445017969338972,1.0
HNT,HNTUSDT,HNT,5665,Helium,helium,66,2020-06-05T00:00:00.000Z,"['mineable', 'enterprise-solutions', 'distributed-computing', 'iot', 'usv-portfolio', 'multicoin-capital-portfolio', 'web3']",223000000.0,136741080.07569164,223000000.0,,80,,,,2023-01-17T08:27:00.000Z,3.1011981033411304,4.36118696606807,-59.2761,0.90388112,-0.18838557,55.55053003,79.50672934,25.26339401,-29.08330268,0.4240611781795526,0.0428,691567177.05,,2023-01-17T08:27:00.000Z,False,0.9979144898834771,1.484014848862764,0.6724423887322979,0.9358633776091082,651,2021-01-01,2022-10-14,0.47491315252367267,0.9149060922089072,1.9253495987677918,1.0
OSMO,OSMOUSDT,OSMO,12220,Osmosis,osmosis,66,2021-09-30T16:58:27.000Z,"['cosmos-ecosystem', 'injective-ecosystem']",1000000000.0,492590761.0,325000000.0,,83,,,,2023-01-17T08:27:00.000Z,0.8389553251221273,13.993625704514749,-11.3745,0.01775592,-2.13746113,11.81273241,9.26812718,-24.9868533,-29.47351068,0.4132616420469111,0.0417,838955325.12,,2023-01-17T08:27:00.000Z,False,-0.9514881838993268,0.9093828796747728,-1.046300964275479,0.5844471445929525,81,2022-10-28,2023-01-17,0.7641041748450519,0.7453204310616979,1.2627974052404454,0.9093828796747728
NEXO,NEXOUSDT,NEXO,2694,Nexo,nexo,93,2018-05-01T00:00:00.000Z,"['services', 'payments', 'cardano-ecosystem']",1000000000.0,560000011.0,1000000000.0,"{'id': 1027, 'name': 'Ethereum', 'symbol': 'ETH', 'slug': 'ethereum', 'token_address': '0xb62132e35a6c13ee1ee0f84dc5d40bad8d815206'}",85,,,,2023-01-17T08:27:00.000Z,0.7283862716827739,11.04359077891803,30.9301,-0.92045954,2.26622991,-0.73960017,13.46452389,5.3494615,-16.58753568,0.4078963201546024,0.0412,728386271.68,,2023-01-17T08:27:00.000Z,False,-0.8019039886953312,0.9191405542204208,-0.872449795641402,0.7602389078498293,263,2022-04-29,2023-01-17,0.7704892002324161,0.8559493049613092,1.2763472161867782,0.9191405542204208
GMX,GMXUSDT,GMX,11857,GMX,gmx,80,2021-09-13T12:11:50.000Z,"['derivatives', 'dex', 'avalanche-ecosystem', 'arbitrum-ecosytem']",,8386823.06764089,8856509.68588964,"{'id': 51, 'name': 'Arbitrum', 'symbol': 'ARBITRUM', 'slug': 'arbitrum-ethereum', 'token_address': '0xfc5a1a6eb076a2c7ad06ed22c90d7e710e35ad0a'}",86,,,,2023-01-17T08:27:00.000Z,48.52666034796493,18.35188300518091,14.2569,-0.23753955,-4.25196075,10.50796168,1.97764104,22.1098034,36.80532452,0.40698451440188677,0.0411,429776837.4,,2023-01-17T08:27:00.000Z,False,-0.15278009801535763,1.2490410731307435,-0.12231791355940891,0.48596112311015116,104,2022-10-05,2023-01-17,0.720675513479173,0.88550991242067,1.7344573572270638,1.0
1INCH,1INCHUSDT,1INCH,8104,1inch Network,1inch,303,2020-12-25T00:00:00.000Z,"['decentralized-exchange-dex-token', 'defi', 'amm', 'binance-labs-portfolio', 'blockchain-capital-portfolio', 'dragonfly-capital-portfolio', 'fabric-ventures-portfolio', 'alameda-research-portfolio', 'parafi-capital', 'spartan-group', 'bnb-chain']",,795762018.4477649,1500000000.0,"{'id': 1027, 'name': 'Ethereum', 'symbol': 'ETH', 'slug': 'ethereum', 'token_address': '0x111111111117dc0aa78b770fa6a738034120c302'}",87,795762018.4477649,383809563.6104535,,2023-01-17T08:27:00.000Z,0.4823170177927352,29.441229544982,-52.3107,0.26067579,-1.05030859,12.32389523,24.47167628,-7.84131014,-14.07101533,0.3838095636104535,0.0388,723475526.69,,2023-01-17T08:27:00.000Z,False,-0.3977963156856126,1.312133037062936,-0.3031676700832375,0.9497541158862519,747,2020-12-31,2023-01-17,0.5848746503564127,1.0656818666186778,1.822068824438312,1.0
LRC,LRCUSDT,LRC,1934,Loopring,loopring,244,2017-08-30T00:00:00.000Z,"['marketplace', 'decentralized-exchange-dex-token', 'defi', 'zero-knowledge-proofs', 'scaling', 'smart-contracts', 'wallet', 'ethereum-ecosystem', 'amm', 'dex', 'layer-2', 'rollups', 'red-packets', 'web3', 'token', 'arbitrum-ecosytem']",1374513896.0,1330133545.5263836,1373873437.4424574,"{'id': 1027, 'name': 'Ethereum', 'symbol': 'ETH', 'slug': 'ethereum', 'token_address': '0xbbbbca6a901c926f240b89eacb641d8aec7aeafd'}",88,,,3.81701126,2023-01-17T08:27:00.000Z,0.28705149976544997,121.08135434691697,36.835,0.07054556,2.81792051,29.39493169,35.09417017,15.99484876,13.69866,0.3818168291316838,0.0386,394556275.3,100030312.49513,2023-01-17T08:27:00.000Z,False,0.29371571685916886,1.7002006139555361,0.17275356475482967,0.9449734829617041,747,2020-12-31,2023-01-17,0.543191550281317,1.282448935199622,2.360951554816061,1.0
COMP,COMPUSDT,COMP,5692,Compound,compound,319,2020-06-16T00:00:00.000Z,"['defi', 'dao', 'yield-farming', 'polkadot-ecosystem', 'coinbase-ventures-portfolio', 'three-arrows-capital-portfolio', 'polychain-capital-portfolio', 'lending-borowing', 'dragonfly-capital-portfolio', 'alameda-research-portfolio', 'a16z-portfolio', 'pantera-capital-portfolio', 'paradigm-portfolio', 'arbitrum-ecosytem', 'bnb-chain']",10000000.0,7267151.99852569,10000000.0,"{'id': 1027, 'name': 'Ethereum', 'symbol': 'ETH', 'slug': 'ethereum', 'token_address': '0xc00e94cb662c3520282e6f5717214004a7f26888'}",89,,,0.24609819,2023-01-17T08:27:00.000Z,51.86955580715571,33.132697996949084,-40.7657,0.09680651,0.48231018,44.74464562,52.45102256,30.16547189,-0.88520427,0.3769439461466115,0.0381,518695558.07,1531681117.97321,2023-01-17T08:27:00.000Z,False,-0.40238846286927876,1.2741111201092792,-0.3158189709817196,0.9662870052793613,747,2020-12-31,2023-01-17,0.6455812143561269,1.1422077370384185,1.7692704057034931,1.0
